[03Sep2026 10:46:42.806] [main/INFO] [cpw.mods.modlauncher.Launcher/MODLAUNCHER]: ModLauncher running: args [--username, packtester, --version, 1.20.1-forge-47.4.10, --gameDir, /Users/joshuamalloy/Library/Application Support/PrismLauncher/instances/CozyTech/.minecraft, --assetsDir, /Users/joshuamalloy/Desktop/1. Projects/Minecraft/tools/client/assets, --assetIndex, 5, --uuid, c2521802-8b1d-34f3-956b-adbd1cf1736e, --accessToken, ❄❄❄❄❄❄❄❄, --clientId, ${clientid}, --xuid, ${auth_xuid}, --userType, msa, --versionType, release, --launchTarget, forgeclient, --fml.forgeVersion, 47.4.10, --fml.mcVersion, 1.20.1, --fml.forgeGroup, net.minecraftforge, --fml.mcpVersion, 20230612.114412]
[03Sep2026 10:46:42.809] [main/INFO] [cpw.mods.modlauncher.Launcher/MODLAUNCHER]: ModLauncher 10.0.9+10.0.9+main.dcd20f30 starting: java version 17.0.20.1 by Eclipse Adoptium; OS Mac OS X arch aarch64 version 26.6.2
[03Sep2026 10:46:43.619] [main/INFO] [net.minecraftforge.fml.loading.ImmediateWindowHandler/]: Loading ImmediateWindowProvider fmlearlywindow
[03Sep2026 10:46:43.823] [main/INFO] [EARLYDISPLAY/]: Trying GL version 4.6
[03Sep2026 10:46:43.920] [main/INFO] [EARLYDISPLAY/]: Trying GL version 4.5
[03Sep2026 10:46:43.942] [main/INFO] [EARLYDISPLAY/]: Trying GL version 4.4
[03Sep2026 10:46:43.954] [main/INFO] [EARLYDISPLAY/]: Trying GL version 4.3
[03Sep2026 10:46:43.969] [main/INFO] [EARLYDISPLAY/]: Trying GL version 4.2
[03Sep2026 10:46:43.985] [main/INFO] [EARLYDISPLAY/]: Trying GL version 4.1
[03Sep2026 10:46:44.004] [main/INFO] [EARLYDISPLAY/]: Requested GL version 4.1 got version 4.1
[03Sep2026 10:46:44.239] [main/INFO] [mixin/]: SpongePowered MIXIN Subsystem Version=0.8.5 Source=union:/Users/joshuamalloy/Desktop/1.%20Projects/Minecraft/tools/client/libraries/org/spongepowered/mixin/0.8.5/mixin-0.8.5.jar%2394!/ Service=ModLauncher Env=CLIENT
[03Sep2026 10:46:44.257] [pool-2-thread-1/INFO] [EARLYDISPLAY/]: GL info: Apple M1 Max GL version 4.1 Metal - 90.5, Apple
[03Sep2026 10:46:44.626] [main/WARN] [net.minecraftforge.fml.loading.moddiscovery.ModFileParser/LOADING]: Mod file /Users/joshuamalloy/Desktop/1. Projects/Minecraft/tools/client/libraries/net/minecraftforge/fmlcore/1.20.1-47.4.10/fmlcore-1.20.1-47.4.10.jar is missing mods.toml file
[03Sep2026 10:46:44.630] [main/WARN] [net.minecraftforge.fml.loading.moddiscovery.ModFileParser/LOADING]: Mod file /Users/joshuamalloy/Desktop/1. Projects/Minecraft/tools/client/libraries/net/minecraftforge/javafmllanguage/1.20.1-47.4.10/javafmllanguage-1.20.1-47.4.10.jar is missing mods.toml file
[03Sep2026 10:46:44.631] [main/WARN] [net.minecraftforge.fml.loading.moddiscovery.ModFileParser/LOADING]: Mod file /Users/joshuamalloy/Desktop/1. Projects/Minecraft/tools/client/libraries/net/minecraftforge/lowcodelanguage/1.20.1-47.4.10/lowcodelanguage-1.20.1-47.4.10.jar is missing mods.toml file
[03Sep2026 10:46:44.632] [main/WARN] [net.minecraftforge.fml.loading.moddiscovery.ModFileParser/LOADING]: Mod file /Users/joshuamalloy/Desktop/1. Projects/Minecraft/tools/client/libraries/net/minecraftforge/mclanguage/1.20.1-47.4.10/mclanguage-1.20.1-47.4.10.jar is missing mods.toml file
[03Sep2026 10:46:45.017] [main/INFO] [net.minecraftforge.fml.loading.moddiscovery.JarInJarDependencyLocator/]: Found 25 dependencies adding them to mods collection
[03Sep2026 10:46:46.376] [main/INFO] [mixin/]: Compatibility level set to JAVA_17
[03Sep2026 10:46:46.513] [main/INFO] [mixin/]: Successfully loaded Mixin Connector [com.sonicether.soundphysics.MixinConnector]
[03Sep2026 10:46:46.517] [main/INFO] [mixin/]: Successfully loaded Mixin Connector [com.leobeliik.extremesoundmuffler.MixinConnector]
[03Sep2026 10:46:46.518] [main/INFO] [cpw.mods.modlauncher.LaunchServiceHandler/MODLAUNCHER]: Launching target 'forgeclient' with arguments [--version, 1.20.1-forge-47.4.10, --gameDir, /Users/joshuamalloy/Library/Application Support/PrismLauncher/instances/CozyTech/.minecraft, --assetsDir, /Users/joshuamalloy/Desktop/1. Projects/Minecraft/tools/client/assets, --uuid, c2521802-8b1d-34f3-956b-adbd1cf1736e, --username, packtester, --assetIndex, 5, --accessToken, ❄❄❄❄❄❄❄❄, --clientId, ${clientid}, --xuid, ${auth_xuid}, --userType, msa, --versionType, release]
[03Sep2026 10:46:46.538] [main/WARN] [mixin/]: Reference map 'cookingforblockheads.refmap.json' for cookingforblockheads.mixins.json could not be read. If this is a development environment you can ignore this message
[03Sep2026 10:46:46.643] [main/INFO] [ModernFix/]: Loaded configuration file for ModernFix 5.27.83+mc1.20.1: 110 options available, 0 override(s) found
[03Sep2026 10:46:46.644] [main/INFO] [ModernFix/]: Applying Nashorn fix
[03Sep2026 10:46:46.654] [main/INFO] [ModernFix/]: Applied Forge config corruption patch
[03Sep2026 10:46:46.657] [main/INFO] [ModernFix/]: Configuring Minecraft's max.bg.threads option with 7 threads
[03Sep2026 10:46:46.723] [main/INFO] [Embeddium/]: Loaded configuration file for Embeddium: 185 options available, 0 override(s) found
[03Sep2026 10:46:46.724] [main/INFO] [Embeddium-GraphicsAdapterProbe/]: Searching for graphics cards...
[03Sep2026 10:46:47.793] [main/INFO] [Embeddium-GraphicsAdapterProbe/]: Found graphics card: GraphicsAdapterInfo[vendor=UNKNOWN, name=Apple M1 Max, version=unknown]
[03Sep2026 10:46:47.798] [main/WARN] [mixin/]: Reference map 'handcrafted-forge-1.20.1-forge-refmap.json' for handcrafted.mixins.json could not be read. If this is a development environment you can ignore this message
[03Sep2026 10:46:47.804] [main/WARN] [mixin/]: Reference map 'yungsextras.refmap.json' for yungsextras.mixins.json could not be read. If this is a development environment you can ignore this message
[03Sep2026 10:46:47.804] [main/WARN] [mixin/]: Reference map 'yungsextras.refmap.json' for yungsextras_forge.mixins.json could not be read. If this is a development environment you can ignore this message
[03Sep2026 10:46:47.843] [main/WARN] [mixin/]: Reference map 'puzzlesaccessapi.common.refmap.json' for puzzlesaccessapi.common.mixins.json could not be read. If this is a development environment you can ignore this message
[03Sep2026 10:46:47.892] [main/INFO] [Canary/]: Loaded configuration file for Canary: 116 options available, 0 override(s) found
[03Sep2026 10:46:47.926] [main/INFO] [Puzzles Lib/]: Loading 138 mods:
	- ae2 15.4.10
	- ambientsounds 6.3.8
	- appleskin 2.5.1+mc1.20.1
	- aquaculture 2.5.7
	- architectury 9.2.14
	- artifacts 9.5.19
		\-- expandability 9.0.4
	- bakery 1.1.15
	- balm 7.3.42
		\-- kuma_api 20.1.12
	- betterdungeons 1.20-Forge-4.0.4
	- betterendisland 1.20-Forge-2.0.6
	- betterfortresses 1.20-Forge-2.0.6
	- bettermineshafts 1.20-Forge-4.0.4
	- betterstrongholds 1.20-Forge-4.0.3
	- biggerreactors 0.6.0-beta.10.5
	- bookshelf 20.2.15
	- bountiful 6.0.4+1.20.1
	- canary 0.3.3
	- candlelight 1.2.13
	- carryon 2.1.2.7
	- citadel 2.6.3
	- cloth_config 11.1.136
	- clumps 12.0.0.4
	- cofh_core 11.0.2
	- collective 8.39
	- comforts 6.4.0+1.20.1
		\-- spectrelib 0.13.15+1.20.1
	- cookingforblockheads 16.0.15
	- corpse 1.20.1-1.0.23
	- create 6.0.8
		|-- flywheel 1.0.5
		\-- ponder 1.0.91
	- createaddition 1.20.1-1.3.3
	- createdeco 2.0.3-1.20.1-forge
	- creativecore 2.12.39
	- cristellib 1.1.6
	- curios 5.14.1+1.20.1
	- deeperdarker 1.3.3
	- doapi 1.2.15
		\-- terraform 7.0.1
	- domesticationinnovation 1.7.1
	- duckling 3.0.0
	- dungeons_arise 2.1.58-1.20.x
	- easy_npc 7.11.0
	- easy_npc_bundle 7.11.0
	- easy_npc_config_ui 7.11.0
	- embeddium 0.3.31+mc1.20.1
		\-- rubidium 0.7.1
	- entityculling 1.10.5
		|-- transition 1.0.21
		\-- trender 1.0.15
	- explorerscompass 1.20.1-1.4.0-forge
	- extremesoundmuffler 3.51
	- fallingtree 4.3.4
	- farm_and_charm 1.0.14
	- farmersdelight 1.20.1-1.3.4
	- ferritecore 6.0.1
	- forge 47.4.10
	- friendsandfoes 3.0.9
	- ftblibrary 2001.2.13
	- ftbquests 2001.4.22
	- ftbteams 2001.3.2
	- ftbxmodcompat 2.1.3
	- geckolib 4.8.4
	- geolosys 7.0.14
	- glitchcore 0.0.1.1
	- guideme 20.1.15
	- handcrafted 3.0.6
	- herbalbrews 1.0.12
	- immediatelyfast 1.2.4+1.20.1
	- inventorysorter 23.1.9
	- jade 11.13.3+forge
	- jadeaddons 5.5.1+forge
	- jei 15.56.0.205
	- kambrik 6.1.1+1.20.1
	- kotlinforforge 4.12.0
	- kubejs 2001.6.5-build.26
	- lootr 0.7.35.94
	- mcwdoors 1.1.5
	- mcwfences 1.2.1
	- mcwfurnitures 3.4.1
	- mcwroofs 2.3.2
	- mcwwindows 2.4.2
	- memoryleakfix 1.1.5
	- minecraft 1.20.1
	- modernfix 5.27.83+mc1.20.1
	- moonlight 1.20-2.16.34
	- mousetweaks 2.25.1
	- mr_dungeons_andtaverns 3.0.3.f
	- naturescompass 1.20.1-1.12.0-forge
	- nethersdelight 1.20.1-4.0
	- particlerain 4.0.0-beta.11
	- patchouli 1.20.1-85-FORGE
	- perfectplushies 1.13.3
		\-- perfectplushieapi 1.0.7
	- phosphophyllite 0.7.0-alpha.0.2
	- puzzleslib 8.1.33
		\-- puzzlesaccessapi 20.1.1
	- quarryplus 1201.1.136
	- quartz 0.2.0-alpha.0.1
	- railways 1.7.3+forge-mc1.20.1
	- regions_unexplored 0.5.6
	- repurposed_structures 7.1.25+1.20.1-forge
	- resourcefulconfig 2.1.3
	- resourcefullib 2.1.29
	- rhino 2001.2.3-build.10
	- ribbits 1.20.1-Forge-3.0.5
	- sereneseasons 9.1.0.3
	- sophisticatedbackpacks 3.24.67.2109
	- sophisticatedcore 1.3.84.2308
	- sophisticatedstorage 1.4.86.2131
	- sound_physics_remastered 1.20.1-1.5.1
	- sparsestructures 3.0
	- storagedrawers 12.14.3
	- structure_layout_optimizer 1.0.11
	- supplementaries 1.20-3.1.43
		\-- mixinsquared 0.1.1
	- t_and_t 0.0NONE
	- terrablender 3.0.1.10
	- thermal_cultivation 11.0.1
	- thermal_dynamics 11.0.1
	- thermal_expansion 11.0.1
	- thermal_foundation 11.0.6
		\-- thermal 11.0.6
	- thermal_innovation 11.0.1
	- torchmaster 20.1.9
	- veinmining 1.5.0+1.20.1
	- villagersplus 4.0.0+mc1.20.1
	- villagertradingplus 1.0.0+mc1.20.1
	- villagesandpillages 1.0.2
	- vinery 1.4.41
	- voicechat 1.20.1-2.6.22
		\-- voicechat_api 2.6.20
	- waystones 14.1.20
	- xaerominimap 26.4.2
	- xaeroworldmap 1.45.0
		\-- xaerolib 1.7.1
	- yungsapi 1.20-Forge-4.0.6
	- yungsbridges 1.20-Forge-4.0.3
	- yungsextras 1.20-Forge-4.0.3
[03Sep2026 10:46:47.933] [main/WARN] [mixin/]: Reference map 'cristellib-forge-refmap.json' for cristellib.mixins.json could not be read. If this is a development environment you can ignore this message
[03Sep2026 10:46:48.091] [main/WARN] [mixin/]: Error loading class: com/minecraftserverzone/mobhealthbar/gui/HpBar (java.lang.ClassNotFoundException: com.minecraftserverzone.mobhealthbar.gui.HpBar)
[03Sep2026 10:46:48.107] [main/WARN] [mixin/]: Error loading class: yesman/epicfight/client/renderer/patched/entity/PatchedEntityRenderer (java.lang.ClassNotFoundException: yesman.epicfight.client.renderer.patched.entity.PatchedEntityRenderer)
[03Sep2026 10:46:48.107] [main/WARN] [mixin/]: @Mixin target yesman.epicfight.client.renderer.patched.entity.PatchedEntityRenderer was not found easy_npc.forge.mixins.json:renderer.EpicFightPatchedEntityRendererMixin
[03Sep2026 10:46:48.481] [main/WARN] [mixin/]: Error loading class: dev/emi/emi/EmiUtil (java.lang.ClassNotFoundException: dev.emi.emi.EmiUtil)
[03Sep2026 10:46:48.482] [main/WARN] [mixin/]: Error loading class: mezz/modnametooltip/TooltipEventHandler (java.lang.ClassNotFoundException: mezz.modnametooltip.TooltipEventHandler)
[03Sep2026 10:46:48.483] [main/WARN] [mixin/]: Error loading class: me/shedaniel/rei/impl/client/ClientHelperImpl (java.lang.ClassNotFoundException: me.shedaniel.rei.impl.client.ClientHelperImpl)
[03Sep2026 10:46:48.665] [main/WARN] [mixin/]: Error loading class: de/maxhenkel/voicechat/voice/server/ServerWorldUtils (java.lang.ClassNotFoundException: de.maxhenkel.voicechat.voice.server.ServerWorldUtils)
[03Sep2026 10:46:48.665] [main/WARN] [mixin/]: @Mixin target de.maxhenkel.voicechat.voice.server.ServerWorldUtils was not found railways-common.mixins.json:compat.voicechat.ServerWorldUtilsMixin
[03Sep2026 10:46:48.724] [main/WARN] [mixin/]: Error loading class: com/simibubi/create/foundation/ponder/PonderWorld (java.lang.ClassNotFoundException: com.simibubi.create.foundation.ponder.PonderWorld)
[03Sep2026 10:46:48.793] [main/WARN] [mixin/]: Error loading class: net/raphimc/immediatelyfast/feature/map_atlas_generation/MapAtlasTexture (java.lang.ClassNotFoundException: net.raphimc.immediatelyfast.feature.map_atlas_generation.MapAtlasTexture)
[03Sep2026 10:46:48.913] [main/INFO] [memoryleakfix/]: [MemoryLeakFix] Will be applying 3 memory leak fixes!
[03Sep2026 10:46:48.913] [main/INFO] [memoryleakfix/]: [MemoryLeakFix] Currently enabled memory leak fixes: [targetEntityLeak, biomeTemperatureLeak, hugeScreenshotLeak]
[03Sep2026 10:46:49.057] [main/INFO] [MixinExtras|Service/]: Initializing MixinExtras via com.llamalad7.mixinextras.service.MixinExtrasServiceImpl(version=0.5.3).
[03Sep2026 10:46:49.347] [main/WARN] [mixin/]: Static binding violation: PRIVATE @Overwrite method m_216202_ in modernfix-modernfix.mixins.json:perf.tag_id_caching.TagOrElementLocationMixin cannot reduce visibiliy of PUBLIC target method, visibility will be upgraded.
[03Sep2026 10:46:50.754] [pool-4-thread-1/INFO] [net.minecraft.server.Bootstrap/]: ModernFix reached bootstrap stage (9.248 s after launch)
[03Sep2026 10:46:50.817] [pool-4-thread-1/WARN] [mixin/]: @Final field delegatesByName:Ljava/util/Map; in modernfix-modernfix.mixins.json:perf.forge_registry_alloc.ForgeRegistryMixin should be final
[03Sep2026 10:46:50.818] [pool-4-thread-1/WARN] [mixin/]: @Final field delegatesByValue:Ljava/util/Map; in modernfix-modernfix.mixins.json:perf.forge_registry_alloc.ForgeRegistryMixin should be final
[03Sep2026 10:46:50.861] [pool-4-thread-1/INFO] [ModernFix/]: Injecting BlockStateBase cache population hook into getNeighborPathNodeType from com.abdelaziz.canary.mixin.ai.pathing.BlockStateBaseMixin
[03Sep2026 10:46:50.861] [pool-4-thread-1/INFO] [ModernFix/]: Injecting BlockStateBase cache population hook into getPathNodeType from com.abdelaziz.canary.mixin.ai.pathing.BlockStateBaseMixin
[03Sep2026 10:46:51.382] [pool-4-thread-1/INFO] [net.minecraft.server.Bootstrap/]: Vanilla bootstrap took 614 milliseconds
[03Sep2026 10:46:53.520] [pool-4-thread-1/WARN] [mixin/]: Static binding violation: PRIVATE @Overwrite method m_47505_ in modernfix-modernfix.mixins.json:perf.remove_biome_temperature_cache.BiomeMixin cannot reduce visibiliy of PUBLIC target method, visibility will be upgraded.
[03Sep2026 10:46:53.740] [pool-4-thread-1/WARN] [AE2:C/]: Unable to find class com.simibubi.create.foundation.ponder.PonderWorld. Integration with PonderJS disabled.
[03Sep2026 10:46:54.370] [Render thread/WARN] [net.minecraft.server.packs.VanillaPackResourcesBuilder/]: Assets URL 'union:/Users/joshuamalloy/Desktop/1.%20Projects/Minecraft/tools/client/libraries/net/minecraft/client/1.20.1-20230612.114412/client-1.20.1-20230612.114412-srg.jar%23401!/assets/.mcassetsroot' uses unexpected schema
[03Sep2026 10:46:54.370] [Render thread/WARN] [net.minecraft.server.packs.VanillaPackResourcesBuilder/]: Assets URL 'union:/Users/joshuamalloy/Desktop/1.%20Projects/Minecraft/tools/client/libraries/net/minecraft/client/1.20.1-20230612.114412/client-1.20.1-20230612.114412-srg.jar%23401!/data/.mcassetsroot' uses unexpected schema
[03Sep2026 10:46:54.382] [Render thread/INFO] [com.mojang.authlib.yggdrasil.YggdrasilAuthenticationService/]: Environment: authHost='https://authserver.mojang.com', accountsHost='https://api.mojang.com', sessionHost='https://sessionserver.mojang.com', servicesHost='https://api.minecraftservices.com', name='PROD'
[03Sep2026 10:46:54.387] [Render thread/INFO] [net.minecraft.client.Minecraft/]: Setting user: packtester
[03Sep2026 10:46:54.445] [Render thread/INFO] [ModernFix/]: Bypassed Mojang DFU
[03Sep2026 10:46:54.526] [Render thread/INFO] [ModernFix/]: Instantiating Mojang DFU
[03Sep2026 10:46:54.899] [Render thread/INFO] [net.minecraft.client.Minecraft/]: Backend library: LWJGL version 3.3.1 build 7
[03Sep2026 10:46:54.921] [Render thread/INFO] [KubeJS/]: Loaded client.properties
[03Sep2026 10:46:54.937] [Render thread/INFO] [Embeddium-PostlaunchChecks/]: OpenGL Vendor: Apple
[03Sep2026 10:46:54.937] [Render thread/INFO] [Embeddium-PostlaunchChecks/]: OpenGL Renderer: Apple M1 Max
[03Sep2026 10:46:54.938] [Render thread/INFO] [Embeddium-PostlaunchChecks/]: OpenGL Version: 4.1 Metal - 90.5
[03Sep2026 10:46:54.942] [Render thread/INFO] [ImmediatelyFast/]: Initializing ImmediatelyFast 1.2.4+1.20.1 on Apple M1 Max (Apple) with OpenGL 4.1 Metal - 90.5
[03Sep2026 10:46:54.942] [Render thread/WARN] [ImmediatelyFast/]: Force disabling fast buffer upload optimization due to unsupported GPU
[03Sep2026 10:46:54.946] [Render thread/INFO] [Quartz/]: Quartz Init
[03Sep2026 10:46:54.965] [Render thread/INFO] [Quartz/]: Vulkan core disabled
[03Sep2026 10:46:54.966] [Render thread/INFO] [Quartz/]: Vulkan not available
[03Sep2026 10:46:54.968] [Render thread/INFO] [Quartz/]: GL46 not available
[03Sep2026 10:46:54.968] [Render thread/INFO] [Quartz/]: Quartz initializing GL33Core
[03Sep2026 10:46:54.976] [Render thread/INFO] [Quartz/]: Quartz GL33Core initialized
[03Sep2026 10:46:55.047] [Datafixer Bootstrap/INFO] [com.mojang.datafixers.DataFixerBuilder/]: 188 Datafixer optimizations took 194 milliseconds
[03Sep2026 10:46:55.417] [modloading-worker-0/INFO] [Easy NPC: Core/]: Initializing Easy NPC (Forge) ...
[03Sep2026 10:46:55.417] [modloading-worker-0/INFO] [Easy NPC: Core/]: 🗣 Register Easy NPC: Core Debug Manager ...
[03Sep2026 10:46:55.419] [modloading-worker-0/WARN] [Easy NPC: Core/]: [Debug Manager] Detected debug log level for Easy NPC: Core with ALL!
[03Sep2026 10:46:55.421] [modloading-worker-0/WARN] [Easy NPC: Core/]: [Debug Manager] Adjusting log level for Easy NPC: Core from ALL to INFO, for performance reasons!
[03Sep2026 10:46:55.421] [modloading-worker-0/INFO] [Easy NPC: Core/]: [Debug Manager] Add new logger config for Easy NPC: Core with level INFO ...
[03Sep2026 10:46:55.425] [modloading-worker-0/INFO] [Easy NPC: Core/]: 🗣 Register Easy NPC: Core Constants ...
[03Sep2026 10:46:55.432] [modloading-worker-0/INFO] [Easy NPC: Core/]: 🗣 Register Easy NPC: Core Configuration ...
[03Sep2026 10:46:55.449] [modloading-worker-0/INFO] [Easy NPC: Core/]: [Config] Registering common configuration ...
[03Sep2026 10:46:55.467] [modloading-worker-0/INFO] [Easy NPC: Core/]: Initialized 741 supported and 261 unsupported entity types from defaults.
[03Sep2026 10:46:55.524] [modloading-worker-0/INFO] [Easy NPC: Core/]: [Config] Registering client configuration ...
[03Sep2026 10:46:55.540] [modloading-worker-0/INFO] [Easy NPC: Core/]: 🗣 Register Easy NPC: Core Common Data Files ...
[03Sep2026 10:46:55.542] [modloading-worker-0/INFO] [Easy NPC: Core/]: 🗣 Register Easy NPC: Core Common data folders ...
[03Sep2026 10:46:55.542] [modloading-worker-0/INFO] [Easy NPC: Core/]: 🗣 Register Easy NPC: Core Entity Data Serializers ...
[03Sep2026 10:46:55.637] [modloading-worker-0/INFO] [Bookshelf/]: Fixing MC-151457. Crafting remainder for minecraft:pufferfish_bucket is now minecraft:bucket.
[03Sep2026 10:46:55.640] [modloading-worker-0/INFO] [Bookshelf/]: Fixing MC-151457. Crafting remainder for minecraft:salmon_bucket is now minecraft:bucket.
[03Sep2026 10:46:55.640] [modloading-worker-0/INFO] [Bookshelf/]: Fixing MC-151457. Crafting remainder for minecraft:cod_bucket is now minecraft:bucket.
[03Sep2026 10:46:55.641] [modloading-worker-0/INFO] [Bookshelf/]: Fixing MC-151457. Crafting remainder for minecraft:tropical_fish_bucket is now minecraft:bucket.
[03Sep2026 10:46:55.641] [modloading-worker-0/INFO] [Bookshelf/]: Fixing MC-151457. Crafting remainder for minecraft:axolotl_bucket is now minecraft:bucket.
[03Sep2026 10:46:55.641] [modloading-worker-0/INFO] [Bookshelf/]: Fixing MC-151457. Crafting remainder for minecraft:powder_snow_bucket is now minecraft:bucket.
[03Sep2026 10:46:55.641] [modloading-worker-0/INFO] [Bookshelf/]: Fixing MC-151457. Crafting remainder for minecraft:tadpole_bucket is now minecraft:bucket.
[03Sep2026 10:46:55.704] [modloading-worker-0/INFO] [xaero.map.WorldMap/]: Registering common data for channel xaeroworldmap:main!
[03Sep2026 10:46:55.715] [modloading-worker-0/INFO] [Easy NPC: Core/]: 🗣 Register Easy NPC: Core Compatibility Handler ...
[03Sep2026 10:46:55.715] [modloading-worker-0/INFO] [Easy NPC: Core/]: 🗣 Register Easy NPC: Core Compat Handler ...
[03Sep2026 10:46:55.717] [modloading-worker-0/INFO] [Easy NPC: Core/]: [Compat Manager] Epic Fight mod with id 'epicfight' loaded: false
[03Sep2026 10:46:55.717] [modloading-worker-0/INFO] [Easy NPC: Core/]: [Compat Manager] Cobblemon mod with id 'cobblemon' loaded: false
[03Sep2026 10:46:55.717] [modloading-worker-0/INFO] [Easy NPC: Core/]: [Compat Manager] Easy Model Entities mod with id 'easy_model_entities' loaded: false
[03Sep2026 10:46:55.717] [modloading-worker-0/INFO] [Easy NPC: Core/]: 🗣 Register Easy NPC: Core Command Argument Types ...
[03Sep2026 10:46:55.719] [modloading-worker-0/INFO] [Easy NPC: Core/]: 🗣 Register Easy NPC: Core Entity Types ...
[03Sep2026 10:46:55.751] [modloading-worker-0/INFO] [xaero.map.WorldMap/]: Registering client data for channel xaeroworldmap:main!
[03Sep2026 10:46:55.817] [modloading-worker-0/INFO] [net.blay09.mods.balm.forge.config.ForgeBalmConfig/]: Registering config for cookingforblockheads:common (COMMON) with 11 properties.
[03Sep2026 10:46:55.827] [modloading-worker-0/INFO] [xaero.map.WorldMap/]: Loading primary common config for channel xaeroworldmap:main!
[03Sep2026 10:46:55.838] [modloading-worker-0/INFO] [xaero.map.WorldMap/]: Loading server config profiles for channel xaeroworldmap:main!
[03Sep2026 10:46:55.841] [modloading-worker-0/INFO] [xaero.map.WorldMap/]: Loading primary client config for channel xaeroworldmap:main!
[03Sep2026 10:46:55.842] [modloading-worker-0/INFO] [xaero.map.WorldMap/]: Loading client config profiles for channel xaeroworldmap:main!
[03Sep2026 10:46:55.878] [modloading-worker-0/WARN] [mixin/]: Static binding violation: PRIVATE @Overwrite method m_215924_ in modernfix-modernfix.mixins.json:perf.tag_id_caching.TagEntryMixin cannot reduce visibiliy of PUBLIC target method, visibility will be upgraded.
[03Sep2026 10:46:56.269] [modloading-worker-0/INFO] [Collective/]: Loading Collective version 8.39.
[03Sep2026 10:46:56.272] [modloading-worker-0/INFO] [STDOUT/]: [io.ejekta.kambrik.KambrikModForge:<clinit>:22]: Service loaders found: [io.ejekta.kambrik.bridge.KambrikSharedApiForge@61fb87e8]
[03Sep2026 10:46:56.427] [modloading-worker-0/INFO] [Easy NPC: Config UI/]: Initializing Easy NPC: Config UI (Forge) ...
[03Sep2026 10:46:56.427] [modloading-worker-0/INFO] [Easy NPC: Config UI/]: 🗣 Register Easy NPC: Config UI Debug Manager ...
[03Sep2026 10:46:56.428] [modloading-worker-0/WARN] [Easy NPC: Config UI/]: [Debug Manager] Detected debug log level for Easy NPC: Config UI with ALL!
[03Sep2026 10:46:56.428] [modloading-worker-0/WARN] [Easy NPC: Config UI/]: [Debug Manager] Adjusting log level for Easy NPC: Config UI from ALL to INFO, for performance reasons!
[03Sep2026 10:46:56.428] [modloading-worker-0/INFO] [Easy NPC: Config UI/]: [Debug Manager] Add new logger config for Easy NPC: Config UI with level INFO ...
[03Sep2026 10:46:56.428] [modloading-worker-0/INFO] [Easy NPC: Config UI/]: 🗣 Register Easy NPC: Config UI Constants ...
[03Sep2026 10:46:56.429] [modloading-worker-0/INFO] [Easy NPC: Config UI/]: 🗣 Register Easy NPC: Config UI Items ...
[03Sep2026 10:46:56.430] [modloading-worker-0/INFO] [Easy NPC: Config UI/]: 🗣 Register Easy NPC: Config UI Menu Types ...
[03Sep2026 10:46:56.443] [modloading-worker-0/INFO] [Easy NPC: Config UI/]: 🗣 Register Easy NPC: Config UI Menu Handler ...
[03Sep2026 10:46:56.444] [modloading-worker-0/INFO] [dev.architectury.networking.forge.NetworkManagerImpl/]: Registering S2C receiver with id architectury:sync_ids
[03Sep2026 10:46:56.446] [modloading-worker-0/INFO] [Easy NPC: Config UI/]: 🗣 Register Easy NPC: Config UI Network Handler ...
[03Sep2026 10:46:56.447] [modloading-worker-0/INFO] [Easy NPC: Config UI/]: Registering server network handler for Server -> Client messages.
[03Sep2026 10:46:56.447] [modloading-worker-0/INFO] [Easy NPC: Config UI/]: 🗣 Register Easy NPC: Config UI Client Network Message Handler ...
[03Sep2026 10:46:56.447] [modloading-worker-0/INFO] [dev.architectury.networking.forge.NetworkManagerImpl/]: Registering C2S receiver with id architectury:sync_ids
[03Sep2026 10:46:56.447] [modloading-worker-0/INFO] [dev.architectury.networking.forge.NetworkManagerImpl/]: Registering C2S receiver with id candlelight:typewriter_sync
[03Sep2026 10:46:56.448] [modloading-worker-0/INFO] [dev.architectury.networking.forge.NetworkManagerImpl/]: Registering C2S receiver with id candlelight:sign_note
[03Sep2026 10:46:56.456] [modloading-worker-0/INFO] [Easy NPC: Config UI/]: Initializing Easy NPC: Config UI (Forge-Client) ...
[03Sep2026 10:46:56.460] [modloading-worker-0/INFO] [Easy NPC: Config UI/]: Registering client network handler for Client -> Server messages.
[03Sep2026 10:46:56.461] [modloading-worker-0/INFO] [Easy NPC: Config UI/]: 🗣 Register Easy NPC: Config UI Server Network Message Handler ...
[03Sep2026 10:46:56.470] [modloading-worker-0/INFO] [dev.architectury.networking.forge.NetworkManagerImpl/]: Registering S2C receiver with id ftblibrary:edit_nbt
[03Sep2026 10:46:56.471] [modloading-worker-0/INFO] [dev.architectury.networking.forge.NetworkManagerImpl/]: Registering C2S receiver with id ftblibrary:edit_nbt_response
[03Sep2026 10:46:56.473] [modloading-worker-0/INFO] [dev.architectury.networking.forge.NetworkManagerImpl/]: Registering S2C receiver with id ftblibrary:sync_known_server_registries
[03Sep2026 10:46:56.474] [modloading-worker-0/INFO] [dev.architectury.networking.forge.NetworkManagerImpl/]: Registering S2C receiver with id ftblibrary:edit_config
[03Sep2026 10:46:56.475] [modloading-worker-0/INFO] [dev.architectury.networking.forge.NetworkManagerImpl/]: Registering S2C receiver with id ftbteams:sync_teams
[03Sep2026 10:46:56.475] [modloading-worker-0/INFO] [dev.architectury.networking.forge.NetworkManagerImpl/]: Registering S2C receiver with id ftbteams:sync_message_history
[03Sep2026 10:46:56.475] [modloading-worker-0/INFO] [dev.architectury.networking.forge.NetworkManagerImpl/]: Registering C2S receiver with id ftbteams:open_gui
[03Sep2026 10:46:56.476] [modloading-worker-0/INFO] [dev.architectury.networking.forge.NetworkManagerImpl/]: Registering S2C receiver with id ftbteams:open_my_team_gui
[03Sep2026 10:46:56.476] [modloading-worker-0/INFO] [dev.architectury.networking.forge.NetworkManagerImpl/]: Registering C2S receiver with id ftbteams:update_settings
[03Sep2026 10:46:56.477] [modloading-worker-0/INFO] [dev.architectury.networking.forge.NetworkManagerImpl/]: Registering S2C receiver with id ftbteams:update_settings_response
[03Sep2026 10:46:56.477] [modloading-worker-0/INFO] [dev.architectury.networking.forge.NetworkManagerImpl/]: Registering C2S receiver with id ftbteams:send_message
[03Sep2026 10:46:56.477] [modloading-worker-0/INFO] [dev.architectury.networking.forge.NetworkManagerImpl/]: Registering S2C receiver with id ftbteams:send_message_response
[03Sep2026 10:46:56.478] [modloading-worker-0/INFO] [dev.architectury.networking.forge.NetworkManagerImpl/]: Registering S2C receiver with id ftbteams:update_presence
[03Sep2026 10:46:56.480] [modloading-worker-0/INFO] [dev.architectury.networking.forge.NetworkManagerImpl/]: Registering C2S receiver with id ftbteams:create_party
[03Sep2026 10:46:56.481] [modloading-worker-0/INFO] [dev.architectury.networking.forge.NetworkManagerImpl/]: Registering C2S receiver with id ftbteams:player_gui_operation
[03Sep2026 10:46:56.508] [modloading-worker-0/INFO] [STDOUT/]: [dev.tr7zw.trender.gui.impl.client.LibGuiClient:onInitializeClient:37]: [TRender] Initializing Client...
[03Sep2026 10:46:56.509] [modloading-worker-0/INFO] [KubeJS/]: Loaded common.properties
[03Sep2026 10:46:56.509] [modloading-worker-0/INFO] [xaero.lib.XaeroLib/]: Registering common data for channel xaerolib:main!
[03Sep2026 10:46:56.510] [modloading-worker-0/INFO] [xaero.lib.XaeroLib/]: Registering client data for channel xaerolib:main!
[03Sep2026 10:46:56.510] [modloading-worker-0/INFO] [KubeJS/]: Loaded dev.properties
[03Sep2026 10:46:56.511] [modloading-worker-0/INFO] [xaero.lib.XaeroLib/]: Loading primary common config for channel xaerolib:main!
[03Sep2026 10:46:56.513] [modloading-worker-0/INFO] [xaero.lib.XaeroLib/]: Loading server config profiles for channel xaerolib:main!
[03Sep2026 10:46:56.514] [modloading-worker-0/INFO] [xaero.lib.XaeroLib/]: Loading primary client config for channel xaerolib:main!
[03Sep2026 10:46:56.515] [modloading-worker-0/INFO] [xaero.lib.XaeroLib/]: Loading client config profiles for channel xaerolib:main!
[03Sep2026 10:46:56.520] [modloading-worker-0/INFO] [KubeJS/]: Looking for KubeJS plugins...
[03Sep2026 10:46:56.523] [modloading-worker-0/INFO] [KubeJS/]: Found plugin source kubejs
[03Sep2026 10:46:56.529] [modloading-worker-0/WARN] [KubeJS/]: Plugin dev.latvian.mods.kubejs.integration.forge.gamestages.GameStagesIntegration does not have required mod gamestages loaded, skipping
[03Sep2026 10:46:56.530] [modloading-worker-0/INFO] [KubeJS/]: Found plugin source ftbxmodcompat
[03Sep2026 10:46:56.532] [modloading-worker-0/INFO] [net.blay09.mods.balm.forge.config.ForgeBalmConfig/]: Registering config for waystones:common (COMMON) with 46 properties.
[03Sep2026 10:46:56.533] [modloading-worker-0/WARN] [KubeJS/]: Plugin dev.ftb.mods.ftbxmodcompat.ftbchunks.kubejs.FTBChunksKubeJSPlugin does not have required mod ftbchunks loaded, skipping
[03Sep2026 10:46:56.534] [modloading-worker-0/WARN] [KubeJS/]: Plugin dev.ftb.mods.ftbxmodcompat.ftbfiltersystem.kubejs.FFSKubeJSPlugin does not have required mod ftbfiltersystem loaded, skipping
[03Sep2026 10:46:56.541] [modloading-worker-0/INFO] [KubeJS/]: Done in 15.38 ms
[03Sep2026 10:46:56.549] [modloading-worker-0/WARN] [BiggerReactors/Reactor/OpenCL/]: Initializing OpenCL, may cause native level crash, check debug log for details
[03Sep2026 10:46:56.549] [modloading-worker-0/INFO] [BiggerReactors/Reactor/OpenCL/]: Creating LWJGL memory stack
[03Sep2026 10:46:56.556] [modloading-worker-0/INFO] [BiggerReactors/Reactor/OpenCL/]: Checking for LWJGL OpenCL classes
[03Sep2026 10:46:56.556] [modloading-worker-0/INFO] [BiggerReactors/Reactor/OpenCL/]: Failed to load LWJGL OpenCL Classes
[03Sep2026 10:46:56.556] [modloading-worker-0/INFO] [BiggerReactors/Reactor/OpenCL/]: OpenCL acceleration not available
[03Sep2026 10:46:56.585] [modloading-worker-0/INFO] [dev.architectury.networking.forge.NetworkManagerImpl/]: Registering C2S receiver with id artifacts:networking_channel/42a7ad70b1cc371599a0eff744096b8a
[03Sep2026 10:46:56.585] [modloading-worker-0/INFO] [dev.architectury.networking.forge.NetworkManagerImpl/]: Registering S2C receiver with id artifacts:networking_channel/42a7ad70b1cc371599a0eff744096b8a
[03Sep2026 10:46:56.586] [modloading-worker-0/INFO] [dev.architectury.networking.forge.NetworkManagerImpl/]: Registering C2S receiver with id artifacts:networking_channel/74a5e841822a3a87854ae896a33430d6
[03Sep2026 10:46:56.586] [modloading-worker-0/INFO] [dev.architectury.networking.forge.NetworkManagerImpl/]: Registering S2C receiver with id artifacts:networking_channel/74a5e841822a3a87854ae896a33430d6
[03Sep2026 10:46:56.594] [modloading-worker-0/INFO] [dev.architectury.networking.forge.NetworkManagerImpl/]: Registering C2S receiver with id artifacts:networking_channel/eb3d1e2748533430848cadf0f37c7e9c
[03Sep2026 10:46:56.594] [modloading-worker-0/INFO] [dev.architectury.networking.forge.NetworkManagerImpl/]: Registering S2C receiver with id artifacts:networking_channel/eb3d1e2748533430848cadf0f37c7e9c
[03Sep2026 10:46:56.595] [modloading-worker-0/INFO] [dev.architectury.networking.forge.NetworkManagerImpl/]: Registering C2S receiver with id artifacts:networking_channel/91c8520f19f93b3e8b6a727568e194ab
[03Sep2026 10:46:56.595] [modloading-worker-0/INFO] [dev.architectury.networking.forge.NetworkManagerImpl/]: Registering S2C receiver with id artifacts:networking_channel/91c8520f19f93b3e8b6a727568e194ab
[03Sep2026 10:46:56.630] [modloading-worker-0/INFO] [dev.architectury.networking.forge.NetworkManagerImpl/]: Registering C2S receiver with id artifacts:networking_channel/8c2784d778293fd482ed84b8aa5fedb9
[03Sep2026 10:46:56.631] [modloading-worker-0/INFO] [dev.architectury.networking.forge.NetworkManagerImpl/]: Registering S2C receiver with id artifacts:networking_channel/8c2784d778293fd482ed84b8aa5fedb9
[03Sep2026 10:46:56.632] [modloading-worker-0/INFO] [dev.architectury.networking.forge.NetworkManagerImpl/]: Registering C2S receiver with id artifacts:networking_channel/ea038224ea783d40b2863f52239e2604
[03Sep2026 10:46:56.632] [modloading-worker-0/INFO] [dev.architectury.networking.forge.NetworkManagerImpl/]: Registering S2C receiver with id artifacts:networking_channel/ea038224ea783d40b2863f52239e2604
[03Sep2026 10:46:56.633] [modloading-worker-0/INFO] [dev.architectury.networking.forge.NetworkManagerImpl/]: Registering C2S receiver with id artifacts:networking_channel/97ad64b7ecaf33209991c4f031501a58
[03Sep2026 10:46:56.633] [modloading-worker-0/INFO] [dev.architectury.networking.forge.NetworkManagerImpl/]: Registering S2C receiver with id artifacts:networking_channel/97ad64b7ecaf33209991c4f031501a58
[03Sep2026 10:46:56.653] [modloading-worker-0/INFO] [net.minecraftforge.common.ForgeMod/FORGEMOD]: Forge mod loading, version 47.4.10, for MC 1.20.1 with MCP 20230612.114412
[03Sep2026 10:46:56.654] [modloading-worker-0/INFO] [net.minecraftforge.common.MinecraftForge/FORGE]: MinecraftForge v47.4.10 Initialized
[03Sep2026 10:46:56.716] [modloading-worker-0/INFO] [FTB XMod Compat/]: [FTB Quests] Enabled KubeJS integration
[03Sep2026 10:46:56.754] [modloading-worker-0/INFO] [mezz.jei.library.load.PluginCaller/]: Sending ConfigManager...
[03Sep2026 10:46:56.763] [modloading-worker-0/INFO] [mezz.jei.library.load.PluginCaller/]: Sending ConfigManager took 8.938 milliseconds
[03Sep2026 10:46:56.766] [modloading-worker-0/INFO] [dev.architectury.networking.forge.NetworkManagerImpl/]: Registering C2S receiver with id farm_and_charm:set_text
[03Sep2026 10:46:56.766] [modloading-worker-0/INFO] [dev.architectury.networking.forge.NetworkManagerImpl/]: Registering S2C receiver with id farm_and_charm:sync_saturation
[03Sep2026 10:46:56.807] [modloading-worker-0/INFO] [Railways/]: Steam 'n' Rails v1.7.3 initializing! Commit hash: e5947616ee54cabea325ea61ce2e9be107f61225 on Create version: 6.0.8 on platform: Forge
[03Sep2026 10:46:56.816] [modloading-worker-0/INFO] [Rhino Script Remapper/]: Loading Rhino Minecraft remapper...
[03Sep2026 10:46:56.817] [modloading-worker-0/INFO] [STDOUT/]: [yalter.mousetweaks.Logger:Log:6]: [Mouse Tweaks] Main.initialize()
[03Sep2026 10:46:56.818] [modloading-worker-0/INFO] [dev.latvian.mods.rhino.mod.util.RhinoProperties/]: Rhino properties loaded.
[03Sep2026 10:46:56.822] [modloading-worker-0/INFO] [Rhino Script Remapper/]: Loading mappings for 1.20.1
[03Sep2026 10:46:56.822] [modloading-worker-0/INFO] [STDOUT/]: [yalter.mousetweaks.Logger:Log:6]: [Mouse Tweaks] Initialized.
[03Sep2026 10:46:56.893] [modloading-worker-0/INFO] [Rhino Script Remapper/]: Done in 0.075 s
[03Sep2026 10:46:56.937] [modloading-worker-0/INFO] [dev.architectury.networking.forge.NetworkManagerImpl/]: Registering S2C receiver with id ftbquests:sync_quests
[03Sep2026 10:46:56.938] [modloading-worker-0/INFO] [dev.architectury.networking.forge.NetworkManagerImpl/]: Registering S2C receiver with id ftbquests:sync_team_data
[03Sep2026 10:46:56.940] [modloading-worker-0/INFO] [dev.architectury.networking.forge.NetworkManagerImpl/]: Registering S2C receiver with id ftbquests:update_task_progress
[03Sep2026 10:46:56.941] [modloading-worker-0/INFO] [dev.architectury.networking.forge.NetworkManagerImpl/]: Registering C2S receiver with id ftbquests:submit_task
[03Sep2026 10:46:56.942] [modloading-worker-0/INFO] [dev.architectury.networking.forge.NetworkManagerImpl/]: Registering C2S receiver with id ftbquests:claim_reward
[03Sep2026 10:46:56.943] [modloading-worker-0/INFO] [dev.architectury.networking.forge.NetworkManagerImpl/]: Registering S2C receiver with id ftbquests:claim_reward_response
[03Sep2026 10:46:56.943] [modloading-worker-0/INFO] [dev.architectury.networking.forge.NetworkManagerImpl/]: Registering S2C receiver with id ftbquests:sync_editing_mode
[03Sep2026 10:46:56.944] [modloading-worker-0/INFO] [dev.architectury.networking.forge.NetworkManagerImpl/]: Registering C2S receiver with id ftbquests:get_emergency_items
[03Sep2026 10:46:56.944] [modloading-worker-0/INFO] [dev.architectury.networking.forge.NetworkManagerImpl/]: Registering S2C receiver with id ftbquests:create_other_team_data
[03Sep2026 10:46:56.944] [modloading-worker-0/INFO] [dev.architectury.networking.forge.NetworkManagerImpl/]: Registering C2S receiver with id ftbquests:claim_all_rewards
[03Sep2026 10:46:56.945] [modloading-worker-0/INFO] [dev.architectury.networking.forge.NetworkManagerImpl/]: Registering C2S receiver with id ftbquests:claim_choice_reward
[03Sep2026 10:46:56.946] [modloading-worker-0/INFO] [villagertradingplus/]: Registered JSON trade offer adapter.
[03Sep2026 10:46:56.947] [modloading-worker-0/INFO] [dev.architectury.networking.forge.NetworkManagerImpl/]: Registering S2C receiver with id ftbquests:display_completion_toast
[03Sep2026 10:46:56.947] [modloading-worker-0/INFO] [dev.architectury.networking.forge.NetworkManagerImpl/]: Registering S2C receiver with id ftbquests:display_reward_toast
[03Sep2026 10:46:56.949] [modloading-worker-0/INFO] [dev.architectury.networking.forge.NetworkManagerImpl/]: Registering S2C receiver with id ftbquests:display_item_reward_toast
[03Sep2026 10:46:56.949] [modloading-worker-0/INFO] [dev.architectury.networking.forge.NetworkManagerImpl/]: Registering S2C receiver with id ftbquests:custom_reward_toast
[03Sep2026 10:46:56.951] [modloading-worker-0/INFO] [dev.architectury.networking.forge.NetworkManagerImpl/]: Registering C2S receiver with id ftbquests:toggle_pinned
[03Sep2026 10:46:56.951] [modloading-worker-0/INFO] [dev.architectury.networking.forge.NetworkManagerImpl/]: Registering S2C receiver with id ftbquests:toggle_pinned_response
[03Sep2026 10:46:56.952] [modloading-worker-0/INFO] [dev.architectury.networking.forge.NetworkManagerImpl/]: Registering C2S receiver with id ftbquests:toggle_chapter_pinned
[03Sep2026 10:46:56.955] [modloading-worker-0/INFO] [dev.architectury.networking.forge.NetworkManagerImpl/]: Registering S2C receiver with id ftbquests:toggle_chapter_pinned_response
[03Sep2026 10:46:56.955] [modloading-worker-0/INFO] [dev.architectury.networking.forge.NetworkManagerImpl/]: Registering C2S receiver with id ftbquests:toggle_editing_mode
[03Sep2026 10:46:56.957] [modloading-worker-0/INFO] [dev.architectury.networking.forge.NetworkManagerImpl/]: Registering C2S receiver with id ftbquests:force_save
[03Sep2026 10:46:56.958] [modloading-worker-0/INFO] [dev.architectury.networking.forge.NetworkManagerImpl/]: Registering S2C receiver with id ftbquests:update_team_data
[03Sep2026 10:46:56.958] [modloading-worker-0/INFO] [dev.architectury.networking.forge.NetworkManagerImpl/]: Registering C2S receiver with id ftbquests:set_custom_image
[03Sep2026 10:46:56.961] [modloading-worker-0/INFO] [dev.architectury.networking.forge.NetworkManagerImpl/]: Registering S2C receiver with id ftbquests:object_started
[03Sep2026 10:46:56.962] [modloading-worker-0/INFO] [dev.architectury.networking.forge.NetworkManagerImpl/]: Registering S2C receiver with id ftbquests:object_completed
[03Sep2026 10:46:56.962] [modloading-worker-0/INFO] [dev.architectury.networking.forge.NetworkManagerImpl/]: Registering S2C receiver with id ftbquests:object_started_reset
[03Sep2026 10:46:56.962] [modloading-worker-0/INFO] [dev.architectury.networking.forge.NetworkManagerImpl/]: Registering S2C receiver with id ftbquests:object_completed_reset
[03Sep2026 10:46:56.962] [modloading-worker-0/INFO] [dev.architectury.networking.forge.NetworkManagerImpl/]: Registering S2C receiver with id ftbquests:sync_lock
[03Sep2026 10:46:56.963] [modloading-worker-0/INFO] [dev.architectury.networking.forge.NetworkManagerImpl/]: Registering S2C receiver with id ftbquests:reset_reward
[03Sep2026 10:46:56.963] [modloading-worker-0/INFO] [dev.architectury.networking.forge.NetworkManagerImpl/]: Registering S2C receiver with id ftbquests:team_data_changed
[03Sep2026 10:46:56.963] [modloading-worker-0/INFO] [dev.architectury.networking.forge.NetworkManagerImpl/]: Registering S2C receiver with id ftbquests:task_screen_config_req
[03Sep2026 10:46:56.964] [modloading-worker-0/INFO] [dev.architectury.networking.forge.NetworkManagerImpl/]: Registering C2S receiver with id ftbquests:task_screen_config_resp
[03Sep2026 10:46:56.967] [modloading-worker-0/INFO] [dev.architectury.networking.forge.NetworkManagerImpl/]: Registering C2S receiver with id ftbquests:give_item_to_player
[03Sep2026 10:46:56.968] [modloading-worker-0/INFO] [dev.architectury.networking.forge.NetworkManagerImpl/]: Registering C2S receiver with id ftbquests:reorder_item
[03Sep2026 10:46:56.971] [modloading-worker-0/INFO] [dev.architectury.networking.forge.NetworkManagerImpl/]: Registering C2S receiver with id ftbquests:change_progress
[03Sep2026 10:46:56.971] [modloading-worker-0/INFO] [dev.architectury.networking.forge.NetworkManagerImpl/]: Registering C2S receiver with id ftbquests:create_object
[03Sep2026 10:46:56.972] [modloading-worker-0/INFO] [dev.architectury.networking.forge.NetworkManagerImpl/]: Registering S2C receiver with id ftbquests:create_object_response
[03Sep2026 10:46:56.973] [modloading-worker-0/INFO] [dev.architectury.networking.forge.NetworkManagerImpl/]: Registering C2S receiver with id ftbquests:create_task_at
[03Sep2026 10:46:56.974] [modloading-worker-0/INFO] [dev.architectury.networking.forge.NetworkManagerImpl/]: Registering C2S receiver with id ftbquests:delete_object
[03Sep2026 10:46:56.974] [modloading-worker-0/INFO] [dev.architectury.networking.forge.NetworkManagerImpl/]: Registering S2C receiver with id ftbquests:delete_object_response
[03Sep2026 10:46:56.974] [modloading-worker-0/INFO] [dev.architectury.networking.forge.NetworkManagerImpl/]: Registering C2S receiver with id ftbquests:edit_object
[03Sep2026 10:46:56.974] [modloading-worker-0/INFO] [dev.architectury.networking.forge.NetworkManagerImpl/]: Registering S2C receiver with id ftbquests:edit_object_response
[03Sep2026 10:46:56.974] [modloading-worker-0/INFO] [dev.architectury.networking.forge.NetworkManagerImpl/]: Registering C2S receiver with id ftbquests:move_chapter
[03Sep2026 10:46:56.975] [modloading-worker-0/INFO] [dev.architectury.networking.forge.NetworkManagerImpl/]: Registering S2C receiver with id ftbquests:move_chapter_response
[03Sep2026 10:46:56.975] [modloading-worker-0/INFO] [dev.architectury.networking.forge.NetworkManagerImpl/]: Registering C2S receiver with id ftbquests:move_quest
[03Sep2026 10:46:56.975] [modloading-worker-0/INFO] [dev.architectury.networking.forge.NetworkManagerImpl/]: Registering S2C receiver with id ftbquests:move_quest_response
[03Sep2026 10:46:56.975] [modloading-worker-0/INFO] [dev.architectury.networking.forge.NetworkManagerImpl/]: Registering C2S receiver with id ftbquests:change_chapter_group
[03Sep2026 10:46:56.976] [modloading-worker-0/INFO] [dev.architectury.networking.forge.NetworkManagerImpl/]: Registering S2C receiver with id ftbquests:change_chapter_group_response
[03Sep2026 10:46:56.976] [modloading-worker-0/INFO] [dev.architectury.networking.forge.NetworkManagerImpl/]: Registering C2S receiver with id ftbquests:move_chapter_group
[03Sep2026 10:46:56.976] [modloading-worker-0/INFO] [dev.architectury.networking.forge.NetworkManagerImpl/]: Registering S2C receiver with id ftbquests:move_chapter_group_response
[03Sep2026 10:46:56.980] [modloading-worker-0/INFO] [dev.architectury.networking.forge.NetworkManagerImpl/]: Registering S2C receiver with id ftbquests:sync_reward_blocking
[03Sep2026 10:46:56.981] [modloading-worker-0/INFO] [dev.architectury.networking.forge.NetworkManagerImpl/]: Registering C2S receiver with id ftbquests:copy_quest
[03Sep2026 10:46:56.983] [modloading-worker-0/INFO] [dev.architectury.networking.forge.NetworkManagerImpl/]: Registering C2S receiver with id ftbquests:copy_chapter_image
[03Sep2026 10:46:56.983] [modloading-worker-0/INFO] [dev.architectury.networking.forge.NetworkManagerImpl/]: Registering C2S receiver with id ftbquests:sync_structures_request
[03Sep2026 10:46:56.983] [modloading-worker-0/INFO] [dev.architectury.networking.forge.NetworkManagerImpl/]: Registering S2C receiver with id ftbquests:sync_structures_response
[03Sep2026 10:46:56.985] [modloading-worker-0/INFO] [dev.architectury.networking.forge.NetworkManagerImpl/]: Registering C2S receiver with id ftbquests:request_team_data
[03Sep2026 10:46:56.986] [modloading-worker-0/INFO] [dev.architectury.networking.forge.NetworkManagerImpl/]: Registering S2C receiver with id ftbquests:sync_editor_permission
[03Sep2026 10:46:56.987] [modloading-worker-0/INFO] [dev.architectury.networking.forge.NetworkManagerImpl/]: Registering S2C receiver with id ftbquests:open_quest_book
[03Sep2026 10:46:56.988] [modloading-worker-0/INFO] [dev.architectury.networking.forge.NetworkManagerImpl/]: Registering S2C receiver with id ftbquests:clear_display_cache
[03Sep2026 10:46:56.988] [modloading-worker-0/INFO] [dev.architectury.networking.forge.NetworkManagerImpl/]: Registering S2C receiver with id ftbquests:reorder_item_response
[03Sep2026 10:46:56.988] [modloading-worker-0/INFO] [dev.architectury.networking.forge.NetworkManagerImpl/]: Registering S2C receiver with id ftbquests:clear_repeat_cooldown
[03Sep2026 10:46:57.048] [modloading-worker-0/INFO] [de.markusbordihn.easynpc.bundle.EasyNPCBundleMod/]: Loading Easy NPC Bundle
[03Sep2026 10:46:57.048] [modloading-worker-0/INFO] [de.markusbordihn.easynpc.bundle.EasyNPCBundleMod/]: This bundle includes Easy NPC Core and Easy NPC Config UI
[03Sep2026 10:46:57.055] [modloading-worker-0/INFO] [thedarkcolour.kotlinforforge.test.KotlinForForge/]: Kotlin For Forge Enabled!
[03Sep2026 10:46:57.058] [modloading-worker-0/INFO] [com.simibubi.create.Create/]: Create 6.0.8 initializing! Commit hash: 1a1a9a2819b4f89f78caec41b55ed8cb222fa24b
[03Sep2026 10:46:57.076] [modloading-worker-0/INFO] [Create Deco/]: Registering items for Create Deco
[03Sep2026 10:46:57.103] [Ribbits Supporter JSON Thread/INFO] [ribbits/]: Successfully loaded supporters.json file!
[03Sep2026 10:46:57.144] [modloading-worker-0/INFO] [Create Deco/]: Registering blocks for Create Deco
[03Sep2026 10:46:57.177] [modloading-worker-0/INFO] [xaero.hud.minimap.MinimapLogs/]: Xaero's Minimap: World Map found!
[03Sep2026 10:46:57.177] [modloading-worker-0/INFO] [xaero.hud.minimap.MinimapLogs/]: No Optifine!
[03Sep2026 10:46:57.177] [modloading-worker-0/INFO] [xaero.hud.minimap.MinimapLogs/]: Xaero's Minimap: No Vivecraft!
[03Sep2026 10:46:57.178] [modloading-worker-0/INFO] [xaero.hud.minimap.MinimapLogs/]: Xaero's Minimap: Waystones found!
[03Sep2026 10:46:57.195] [modloading-worker-0/INFO] [xaero.common.HudMod/]: Registering common data for channel xaerominimap:main!
[03Sep2026 10:46:57.214] [modloading-worker-0/INFO] [xaero.common.HudMod/]: Registering client data for channel xaerominimap:main!
[03Sep2026 10:46:57.254] [modloading-worker-0/INFO] [xaero.common.HudMod/]: Loading primary common config for channel xaerominimap:main!
[03Sep2026 10:46:57.255] [modloading-worker-0/INFO] [xaero.common.HudMod/]: Loading server config profiles for channel xaerominimap:main!
[03Sep2026 10:46:57.256] [modloading-worker-0/INFO] [xaero.common.HudMod/]: Loading primary client config for channel xaerominimap:main!
[03Sep2026 10:46:57.257] [modloading-worker-0/INFO] [xaero.common.HudMod/]: Loading client config profiles for channel xaerominimap:main!
[03Sep2026 10:46:57.298] [modloading-worker-0/INFO] [be.florens.expandability.ExpandAbility/]: ExpandAbility here, who dis?
[03Sep2026 10:46:57.309] [modloading-worker-0/INFO] [Puzzles Lib/]: Constructing common components for puzzleslib:main
[03Sep2026 10:46:57.376] [modloading-worker-0/INFO] [Puzzles Lib/]: Constructing client components for puzzleslib:main
[03Sep2026 10:46:57.433] [modloading-worker-0/INFO] [Easy NPC: Core/]: Registered 31 raw entity types.
[03Sep2026 10:46:57.434] [modloading-worker-0/INFO] [Easy NPC: Core/]: Registered 36 NPC entity types.
[03Sep2026 10:46:57.435] [modloading-worker-0/INFO] [Easy NPC: Core/]: Registered 4 custom entity types.
[03Sep2026 10:46:57.435] [modloading-worker-0/INFO] [Easy NPC: Core/]: 🗣 Register Easy NPC: Core Blocks ...
[03Sep2026 10:46:57.442] [modloading-worker-0/INFO] [Easy NPC: Core/]: 🗣 Register Easy NPC: Core Blocks Entity Types ...
[03Sep2026 10:46:57.442] [modloading-worker-0/INFO] [Easy NPC: Core/]: 🗣 Register Easy NPC: Core Items ...
[03Sep2026 10:46:57.481] [modloading-worker-0/INFO] [KubeJS Startup/]: Loaded script startup_scripts:valley_items.js in 0.083 s
[03Sep2026 10:46:57.483] [modloading-worker-0/INFO] [KubeJS Startup/]: Loaded 1/1 KubeJS startup scripts in 0.588 s with 0 errors and 0 warnings
[03Sep2026 10:46:57.539] [modloading-worker-0/INFO] [KubeJS Client/]: example.js#5: Hello, World! (Loaded client scripts)
[03Sep2026 10:46:57.539] [modloading-worker-0/INFO] [KubeJS Client/]: Loaded script client_scripts:example.js in 0.001 s
[03Sep2026 10:46:57.540] [modloading-worker-0/INFO] [KubeJS Client/]: Loaded script client_scripts:hide.js in 0.001 s
[03Sep2026 10:46:57.540] [modloading-worker-0/INFO] [KubeJS Client/]: Loaded 2/2 KubeJS client scripts in 0.024 s with 0 errors and 0 warnings
[03Sep2026 10:46:57.568] [modloading-worker-0/INFO] [KubeJS Startup/]: valley_items.js#104: [valley] registered 48 custom items
[03Sep2026 10:46:57.573] [modloading-worker-0/INFO] [KubeJS Startup/]: valley_items.js#123: [valley] registered valley:town_anchor
[03Sep2026 10:46:57.583] [modloading-worker-0/INFO] [dev.architectury.networking.forge.NetworkManagerImpl/]: Registering C2S receiver with id kubejs:send_data_from_client
[03Sep2026 10:46:57.583] [modloading-worker-0/INFO] [dev.architectury.networking.forge.NetworkManagerImpl/]: Registering S2C receiver with id kubejs:send_data_from_server
[03Sep2026 10:46:57.583] [modloading-worker-0/INFO] [dev.architectury.networking.forge.NetworkManagerImpl/]: Registering S2C receiver with id kubejs:paint
[03Sep2026 10:46:57.583] [modloading-worker-0/INFO] [dev.architectury.networking.forge.NetworkManagerImpl/]: Registering S2C receiver with id kubejs:add_stage
[03Sep2026 10:46:57.583] [modloading-worker-0/INFO] [dev.architectury.networking.forge.NetworkManagerImpl/]: Registering S2C receiver with id kubejs:remove_stage
[03Sep2026 10:46:57.584] [modloading-worker-0/INFO] [dev.architectury.networking.forge.NetworkManagerImpl/]: Registering S2C receiver with id kubejs:sync_stages
[03Sep2026 10:46:57.584] [modloading-worker-0/INFO] [dev.architectury.networking.forge.NetworkManagerImpl/]: Registering C2S receiver with id kubejs:first_click
[03Sep2026 10:46:57.584] [modloading-worker-0/INFO] [dev.architectury.networking.forge.NetworkManagerImpl/]: Registering S2C receiver with id kubejs:toast
[03Sep2026 10:46:57.584] [modloading-worker-0/INFO] [dev.architectury.networking.forge.NetworkManagerImpl/]: Registering S2C receiver with id kubejs:reload_startup_scripts
[03Sep2026 10:46:57.585] [modloading-worker-0/INFO] [dev.architectury.networking.forge.NetworkManagerImpl/]: Registering S2C receiver with id kubejs:display_server_errors
[03Sep2026 10:46:57.585] [modloading-worker-0/INFO] [dev.architectury.networking.forge.NetworkManagerImpl/]: Registering S2C receiver with id kubejs:display_client_errors
[03Sep2026 10:46:57.709] [modloading-worker-0/INFO] [Easy NPC: Core/]: Registered 36 NPC spawn eggs.
[03Sep2026 10:46:57.710] [modloading-worker-0/INFO] [Easy NPC: Core/]: Registered 4 custom spawn eggs.
[03Sep2026 10:46:57.710] [modloading-worker-0/INFO] [Easy NPC: Core/]: 🗣 Register Easy NPC: Core Menu Types ...
[03Sep2026 10:46:57.710] [modloading-worker-0/INFO] [Easy NPC: Core/]: 🗣 Register Easy NPC: Core Menu Handler ...
[03Sep2026 10:46:57.711] [modloading-worker-0/INFO] [Easy NPC: Core/]: 🗣 Register Easy NPC: Core Network Handler ...
[03Sep2026 10:46:57.712] [modloading-worker-0/INFO] [Easy NPC: Core/]: Registering server network handler for Server -> Client messages.
[03Sep2026 10:46:57.712] [modloading-worker-0/INFO] [Easy NPC: Core/]: 🗣 Register Easy NPC: Core Client Network Message Handler ...
[03Sep2026 10:46:57.713] [modloading-worker-0/INFO] [Easy NPC: Core/]: Initializing Easy NPC (Forge-Client) ...
[03Sep2026 10:46:57.718] [modloading-worker-0/INFO] [Easy NPC: Core/]: Registering client network handler for Client -> Server messages.
[03Sep2026 10:46:57.719] [modloading-worker-0/INFO] [Easy NPC: Core/]: 🗣 Register Easy NPC: Core Server Network Message Handler ...
[03Sep2026 10:46:57.889] [modloading-worker-0/INFO] [Railways/]: Registered bogey styles from railways
[03Sep2026 10:46:58.063] [modloading-worker-0/INFO] [Railways/]: Registering data fixers
[03Sep2026 10:46:58.069] [Railways Datafixer Bootstrap/INFO] [com.mojang.datafixers.DataFixerBuilder/]: 5 Datafixer optimizations took 0 milliseconds
[03Sep2026 10:46:58.070] [modloading-worker-0/INFO] [Railways/MultiRegistryCallback/]: Registering callback for create:track_signal in minecraft:block_entity_type
[03Sep2026 10:46:58.070] [modloading-worker-0/INFO] [Railways/MultiRegistryCallback/]: Registering callback for railways:track_signal_source in create:display_source
[03Sep2026 10:46:58.070] [modloading-worker-0/INFO] [Railways/MultiRegistryCallback/]: Registering callback for create:copycat in minecraft:block_entity_type
[03Sep2026 10:46:58.070] [modloading-worker-0/INFO] [Railways/MultiRegistryCallback/]: Registering callback for railways:conductor_vent in minecraft:block
[03Sep2026 10:46:58.070] [modloading-worker-0/INFO] [Railways/MultiRegistryCallback/]: Registering callback for create:flywheel in minecraft:block_entity_type
[03Sep2026 10:46:58.070] [modloading-worker-0/INFO] [Railways/MultiRegistryCallback/]: Registering callback for railways:locometal_flywheel in minecraft:block
[03Sep2026 10:46:58.070] [modloading-worker-0/INFO] [Railways/MultiRegistryCallback/]: Registering callback for create:sliding_door in minecraft:block_entity_type
[03Sep2026 10:46:58.070] [modloading-worker-0/INFO] [Railways/MultiRegistryCallback/]: Registering callback for railways:sliding_locometal_door in minecraft:block
[03Sep2026 10:46:58.070] [modloading-worker-0/INFO] [Railways/MultiRegistryCallback/]: Registering callback for create:sliding_door in minecraft:block_entity_type
[03Sep2026 10:46:58.070] [modloading-worker-0/INFO] [Railways/MultiRegistryCallback/]: Registering callback for railways:folding_locometal_door in minecraft:block
[03Sep2026 10:46:58.070] [modloading-worker-0/INFO] [Railways/MultiRegistryCallback/]: Registering callback for create:flywheel in minecraft:block_entity_type
[03Sep2026 10:46:58.070] [modloading-worker-0/INFO] [Railways/MultiRegistryCallback/]: Registering callback for railways:brown_locometal_flywheel in minecraft:block
[03Sep2026 10:46:58.070] [modloading-worker-0/INFO] [Railways/MultiRegistryCallback/]: Registering callback for create:sliding_door in minecraft:block_entity_type
[03Sep2026 10:46:58.070] [modloading-worker-0/INFO] [Railways/MultiRegistryCallback/]: Registering callback for railways:brown_sliding_locometal_door in minecraft:block
[03Sep2026 10:46:58.070] [modloading-worker-0/INFO] [Railways/MultiRegistryCallback/]: Registering callback for create:sliding_door in minecraft:block_entity_type
[03Sep2026 10:46:58.070] [modloading-worker-0/INFO] [Railways/MultiRegistryCallback/]: Registering callback for railways:brown_folding_locometal_door in minecraft:block
[03Sep2026 10:46:58.070] [modloading-worker-0/INFO] [Railways/MultiRegistryCallback/]: Registering callback for create:flywheel in minecraft:block_entity_type
[03Sep2026 10:46:58.070] [modloading-worker-0/INFO] [Railways/MultiRegistryCallback/]: Registering callback for railways:maroon_locometal_flywheel in minecraft:block
[03Sep2026 10:46:58.070] [modloading-worker-0/INFO] [Railways/MultiRegistryCallback/]: Registering callback for create:sliding_door in minecraft:block_entity_type
[03Sep2026 10:46:58.071] [modloading-worker-0/INFO] [Railways/MultiRegistryCallback/]: Registering callback for railways:maroon_sliding_locometal_door in minecraft:block
[03Sep2026 10:46:58.071] [modloading-worker-0/INFO] [Railways/MultiRegistryCallback/]: Registering callback for create:sliding_door in minecraft:block_entity_type
[03Sep2026 10:46:58.071] [modloading-worker-0/INFO] [Railways/MultiRegistryCallback/]: Registering callback for railways:maroon_folding_locometal_door in minecraft:block
[03Sep2026 10:46:58.071] [modloading-worker-0/INFO] [Railways/MultiRegistryCallback/]: Registering callback for create:flywheel in minecraft:block_entity_type
[03Sep2026 10:46:58.071] [modloading-worker-0/INFO] [Railways/MultiRegistryCallback/]: Registering callback for railways:red_locometal_flywheel in minecraft:block
[03Sep2026 10:46:58.071] [modloading-worker-0/INFO] [Railways/MultiRegistryCallback/]: Registering callback for create:sliding_door in minecraft:block_entity_type
[03Sep2026 10:46:58.071] [modloading-worker-0/INFO] [Railways/MultiRegistryCallback/]: Registering callback for railways:red_sliding_locometal_door in minecraft:block
[03Sep2026 10:46:58.071] [modloading-worker-0/INFO] [Railways/MultiRegistryCallback/]: Registering callback for create:sliding_door in minecraft:block_entity_type
[03Sep2026 10:46:58.071] [modloading-worker-0/INFO] [Railways/MultiRegistryCallback/]: Registering callback for railways:red_folding_locometal_door in minecraft:block
[03Sep2026 10:46:58.071] [modloading-worker-0/INFO] [Railways/MultiRegistryCallback/]: Registering callback for create:flywheel in minecraft:block_entity_type
[03Sep2026 10:46:58.071] [modloading-worker-0/INFO] [Railways/MultiRegistryCallback/]: Registering callback for railways:vermilion_locometal_flywheel in minecraft:block
[03Sep2026 10:46:58.071] [modloading-worker-0/INFO] [Railways/MultiRegistryCallback/]: Registering callback for create:sliding_door in minecraft:block_entity_type
[03Sep2026 10:46:58.071] [modloading-worker-0/INFO] [Railways/MultiRegistryCallback/]: Registering callback for railways:vermilion_sliding_locometal_door in minecraft:block
[03Sep2026 10:46:58.071] [modloading-worker-0/INFO] [Railways/MultiRegistryCallback/]: Registering callback for create:sliding_door in minecraft:block_entity_type
[03Sep2026 10:46:58.071] [modloading-worker-0/INFO] [Railways/MultiRegistryCallback/]: Registering callback for railways:vermilion_folding_locometal_door in minecraft:block
[03Sep2026 10:46:58.071] [modloading-worker-0/INFO] [Railways/MultiRegistryCallback/]: Registering callback for create:flywheel in minecraft:block_entity_type
[03Sep2026 10:46:58.071] [modloading-worker-0/INFO] [Railways/MultiRegistryCallback/]: Registering callback for railways:orange_locometal_flywheel in minecraft:block
[03Sep2026 10:46:58.071] [modloading-worker-0/INFO] [Railways/MultiRegistryCallback/]: Registering callback for create:sliding_door in minecraft:block_entity_type
[03Sep2026 10:46:58.071] [modloading-worker-0/INFO] [Railways/MultiRegistryCallback/]: Registering callback for railways:orange_sliding_locometal_door in minecraft:block
[03Sep2026 10:46:58.071] [modloading-worker-0/INFO] [Railways/MultiRegistryCallback/]: Registering callback for create:sliding_door in minecraft:block_entity_type
[03Sep2026 10:46:58.071] [modloading-worker-0/INFO] [Railways/MultiRegistryCallback/]: Registering callback for railways:orange_folding_locometal_door in minecraft:block
[03Sep2026 10:46:58.071] [modloading-worker-0/INFO] [Railways/MultiRegistryCallback/]: Registering callback for create:flywheel in minecraft:block_entity_type
[03Sep2026 10:46:58.071] [modloading-worker-0/INFO] [Railways/MultiRegistryCallback/]: Registering callback for railways:granite_locometal_flywheel in minecraft:block
[03Sep2026 10:46:58.071] [modloading-worker-0/INFO] [Railways/MultiRegistryCallback/]: Registering callback for create:sliding_door in minecraft:block_entity_type
[03Sep2026 10:46:58.071] [modloading-worker-0/INFO] [Railways/MultiRegistryCallback/]: Registering callback for railways:granite_sliding_locometal_door in minecraft:block
[03Sep2026 10:46:58.071] [modloading-worker-0/INFO] [Railways/MultiRegistryCallback/]: Registering callback for create:sliding_door in minecraft:block_entity_type
[03Sep2026 10:46:58.071] [modloading-worker-0/INFO] [Railways/MultiRegistryCallback/]: Registering callback for railways:granite_folding_locometal_door in minecraft:block
[03Sep2026 10:46:58.071] [modloading-worker-0/INFO] [Railways/MultiRegistryCallback/]: Registering callback for create:flywheel in minecraft:block_entity_type
[03Sep2026 10:46:58.071] [modloading-worker-0/INFO] [Railways/MultiRegistryCallback/]: Registering callback for railways:dripstone_locometal_flywheel in minecraft:block
[03Sep2026 10:46:58.071] [modloading-worker-0/INFO] [Railways/MultiRegistryCallback/]: Registering callback for create:sliding_door in minecraft:block_entity_type
[03Sep2026 10:46:58.072] [modloading-worker-0/INFO] [Railways/MultiRegistryCallback/]: Registering callback for railways:dripstone_sliding_locometal_door in minecraft:block
[03Sep2026 10:46:58.072] [modloading-worker-0/INFO] [Railways/MultiRegistryCallback/]: Registering callback for create:sliding_door in minecraft:block_entity_type
[03Sep2026 10:46:58.072] [modloading-worker-0/INFO] [Railways/MultiRegistryCallback/]: Registering callback for railways:dripstone_folding_locometal_door in minecraft:block
[03Sep2026 10:46:58.072] [modloading-worker-0/INFO] [Railways/MultiRegistryCallback/]: Registering callback for create:flywheel in minecraft:block_entity_type
[03Sep2026 10:46:58.072] [modloading-worker-0/INFO] [Railways/MultiRegistryCallback/]: Registering callback for railways:ochrum_locometal_flywheel in minecraft:block
[03Sep2026 10:46:58.072] [modloading-worker-0/INFO] [Railways/MultiRegistryCallback/]: Registering callback for create:sliding_door in minecraft:block_entity_type
[03Sep2026 10:46:58.072] [modloading-worker-0/INFO] [Railways/MultiRegistryCallback/]: Registering callback for railways:ochrum_sliding_locometal_door in minecraft:block
[03Sep2026 10:46:58.072] [modloading-worker-0/INFO] [Railways/MultiRegistryCallback/]: Registering callback for create:sliding_door in minecraft:block_entity_type
[03Sep2026 10:46:58.072] [modloading-worker-0/INFO] [Railways/MultiRegistryCallback/]: Registering callback for railways:ochrum_folding_locometal_door in minecraft:block
[03Sep2026 10:46:58.072] [modloading-worker-0/INFO] [Railways/MultiRegistryCallback/]: Registering callback for create:flywheel in minecraft:block_entity_type
[03Sep2026 10:46:58.072] [modloading-worker-0/INFO] [Railways/MultiRegistryCallback/]: Registering callback for railways:yellow_locometal_flywheel in minecraft:block
[03Sep2026 10:46:58.072] [modloading-worker-0/INFO] [Railways/MultiRegistryCallback/]: Registering callback for create:sliding_door in minecraft:block_entity_type
[03Sep2026 10:46:58.072] [modloading-worker-0/INFO] [Railways/MultiRegistryCallback/]: Registering callback for railways:yellow_sliding_locometal_door in minecraft:block
[03Sep2026 10:46:58.072] [modloading-worker-0/INFO] [Railways/MultiRegistryCallback/]: Registering callback for create:sliding_door in minecraft:block_entity_type
[03Sep2026 10:46:58.072] [modloading-worker-0/INFO] [Railways/MultiRegistryCallback/]: Registering callback for railways:yellow_folding_locometal_door in minecraft:block
[03Sep2026 10:46:58.072] [modloading-worker-0/INFO] [Railways/MultiRegistryCallback/]: Registering callback for create:flywheel in minecraft:block_entity_type
[03Sep2026 10:46:58.072] [modloading-worker-0/INFO] [Railways/MultiRegistryCallback/]: Registering callback for railways:chartreuse_locometal_flywheel in minecraft:block
[03Sep2026 10:46:58.072] [modloading-worker-0/INFO] [Railways/MultiRegistryCallback/]: Registering callback for create:sliding_door in minecraft:block_entity_type
[03Sep2026 10:46:58.072] [modloading-worker-0/INFO] [Railways/MultiRegistryCallback/]: Registering callback for railways:chartreuse_sliding_locometal_door in minecraft:block
[03Sep2026 10:46:58.072] [modloading-worker-0/INFO] [Railways/MultiRegistryCallback/]: Registering callback for create:sliding_door in minecraft:block_entity_type
[03Sep2026 10:46:58.072] [modloading-worker-0/INFO] [Railways/MultiRegistryCallback/]: Registering callback for railways:chartreuse_folding_locometal_door in minecraft:block
[03Sep2026 10:46:58.072] [modloading-worker-0/INFO] [Railways/MultiRegistryCallback/]: Registering callback for create:flywheel in minecraft:block_entity_type
[03Sep2026 10:46:58.072] [modloading-worker-0/INFO] [Railways/MultiRegistryCallback/]: Registering callback for railways:olive_green_locometal_flywheel in minecraft:block
[03Sep2026 10:46:58.072] [modloading-worker-0/INFO] [Railways/MultiRegistryCallback/]: Registering callback for create:sliding_door in minecraft:block_entity_type
[03Sep2026 10:46:58.072] [modloading-worker-0/INFO] [Railways/MultiRegistryCallback/]: Registering callback for railways:olive_green_sliding_locometal_door in minecraft:block
[03Sep2026 10:46:58.072] [modloading-worker-0/INFO] [Railways/MultiRegistryCallback/]: Registering callback for create:sliding_door in minecraft:block_entity_type
[03Sep2026 10:46:58.072] [modloading-worker-0/INFO] [Railways/MultiRegistryCallback/]: Registering callback for railways:olive_green_folding_locometal_door in minecraft:block
[03Sep2026 10:46:58.072] [modloading-worker-0/INFO] [Railways/MultiRegistryCallback/]: Registering callback for create:flywheel in minecraft:block_entity_type
[03Sep2026 10:46:58.072] [modloading-worker-0/INFO] [Railways/MultiRegistryCallback/]: Registering callback for railways:lime_locometal_flywheel in minecraft:block
[03Sep2026 10:46:58.072] [modloading-worker-0/INFO] [Railways/MultiRegistryCallback/]: Registering callback for create:sliding_door in minecraft:block_entity_type
[03Sep2026 10:46:58.072] [modloading-worker-0/INFO] [Railways/MultiRegistryCallback/]: Registering callback for railways:lime_sliding_locometal_door in minecraft:block
[03Sep2026 10:46:58.072] [modloading-worker-0/INFO] [Railways/MultiRegistryCallback/]: Registering callback for create:sliding_door in minecraft:block_entity_type
[03Sep2026 10:46:58.072] [modloading-worker-0/INFO] [Railways/MultiRegistryCallback/]: Registering callback for railways:lime_folding_locometal_door in minecraft:block
[03Sep2026 10:46:58.072] [modloading-worker-0/INFO] [Railways/MultiRegistryCallback/]: Registering callback for create:flywheel in minecraft:block_entity_type
[03Sep2026 10:46:58.072] [modloading-worker-0/INFO] [Railways/MultiRegistryCallback/]: Registering callback for railways:green_locometal_flywheel in minecraft:block
[03Sep2026 10:46:58.073] [modloading-worker-0/INFO] [Railways/MultiRegistryCallback/]: Registering callback for create:sliding_door in minecraft:block_entity_type
[03Sep2026 10:46:58.073] [modloading-worker-0/INFO] [Railways/MultiRegistryCallback/]: Registering callback for railways:green_sliding_locometal_door in minecraft:block
[03Sep2026 10:46:58.073] [modloading-worker-0/INFO] [Railways/MultiRegistryCallback/]: Registering callback for create:sliding_door in minecraft:block_entity_type
[03Sep2026 10:46:58.073] [modloading-worker-0/INFO] [Railways/MultiRegistryCallback/]: Registering callback for railways:green_folding_locometal_door in minecraft:block
[03Sep2026 10:46:58.073] [modloading-worker-0/INFO] [Railways/MultiRegistryCallback/]: Registering callback for create:flywheel in minecraft:block_entity_type
[03Sep2026 10:46:58.073] [modloading-worker-0/INFO] [Railways/MultiRegistryCallback/]: Registering callback for railways:pine_green_locometal_flywheel in minecraft:block
[03Sep2026 10:46:58.073] [modloading-worker-0/INFO] [Railways/MultiRegistryCallback/]: Registering callback for create:sliding_door in minecraft:block_entity_type
[03Sep2026 10:46:58.073] [modloading-worker-0/INFO] [Railways/MultiRegistryCallback/]: Registering callback for railways:pine_green_sliding_locometal_door in minecraft:block
[03Sep2026 10:46:58.073] [modloading-worker-0/INFO] [Railways/MultiRegistryCallback/]: Registering callback for create:sliding_door in minecraft:block_entity_type
[03Sep2026 10:46:58.073] [modloading-worker-0/INFO] [Railways/MultiRegistryCallback/]: Registering callback for railways:pine_green_folding_locometal_door in minecraft:block
[03Sep2026 10:46:58.073] [modloading-worker-0/INFO] [Railways/MultiRegistryCallback/]: Registering callback for create:flywheel in minecraft:block_entity_type
[03Sep2026 10:46:58.073] [modloading-worker-0/INFO] [Railways/MultiRegistryCallback/]: Registering callback for railways:cyan_locometal_flywheel in minecraft:block
[03Sep2026 10:46:58.073] [modloading-worker-0/INFO] [Railways/MultiRegistryCallback/]: Registering callback for create:sliding_door in minecraft:block_entity_type
[03Sep2026 10:46:58.073] [modloading-worker-0/INFO] [Railways/MultiRegistryCallback/]: Registering callback for railways:cyan_sliding_locometal_door in minecraft:block
[03Sep2026 10:46:58.073] [modloading-worker-0/INFO] [Railways/MultiRegistryCallback/]: Registering callback for create:sliding_door in minecraft:block_entity_type
[03Sep2026 10:46:58.073] [modloading-worker-0/INFO] [Railways/MultiRegistryCallback/]: Registering callback for railways:cyan_folding_locometal_door in minecraft:block
[03Sep2026 10:46:58.073] [modloading-worker-0/INFO] [Railways/MultiRegistryCallback/]: Registering callback for create:flywheel in minecraft:block_entity_type
[03Sep2026 10:46:58.073] [modloading-worker-0/INFO] [Railways/MultiRegistryCallback/]: Registering callback for railways:sea_green_locometal_flywheel in minecraft:block
[03Sep2026 10:46:58.073] [modloading-worker-0/INFO] [Railways/MultiRegistryCallback/]: Registering callback for create:sliding_door in minecraft:block_entity_type
[03Sep2026 10:46:58.073] [modloading-worker-0/INFO] [Railways/MultiRegistryCallback/]: Registering callback for railways:sea_green_sliding_locometal_door in minecraft:block
[03Sep2026 10:46:58.073] [modloading-worker-0/INFO] [Railways/MultiRegistryCallback/]: Registering callback for create:sliding_door in minecraft:block_entity_type
[03Sep2026 10:46:58.073] [modloading-worker-0/INFO] [Railways/MultiRegistryCallback/]: Registering callback for railways:sea_green_folding_locometal_door in minecraft:block
[03Sep2026 10:46:58.073] [modloading-worker-0/INFO] [Railways/MultiRegistryCallback/]: Registering callback for create:flywheel in minecraft:block_entity_type
[03Sep2026 10:46:58.073] [modloading-worker-0/INFO] [Railways/MultiRegistryCallback/]: Registering callback for railways:turquoise_locometal_flywheel in minecraft:block
[03Sep2026 10:46:58.073] [modloading-worker-0/INFO] [Railways/MultiRegistryCallback/]: Registering callback for create:sliding_door in minecraft:block_entity_type
[03Sep2026 10:46:58.074] [modloading-worker-0/INFO] [Railways/MultiRegistryCallback/]: Registering callback for railways:turquoise_sliding_locometal_door in minecraft:block
[03Sep2026 10:46:58.074] [modloading-worker-0/INFO] [Railways/MultiRegistryCallback/]: Registering callback for create:sliding_door in minecraft:block_entity_type
[03Sep2026 10:46:58.074] [modloading-worker-0/INFO] [Railways/MultiRegistryCallback/]: Registering callback for railways:turquoise_folding_locometal_door in minecraft:block
[03Sep2026 10:46:58.074] [modloading-worker-0/INFO] [Railways/MultiRegistryCallback/]: Registering callback for create:flywheel in minecraft:block_entity_type
[03Sep2026 10:46:58.074] [modloading-worker-0/INFO] [Railways/MultiRegistryCallback/]: Registering callback for railways:light_blue_locometal_flywheel in minecraft:block
[03Sep2026 10:46:58.074] [modloading-worker-0/INFO] [Railways/MultiRegistryCallback/]: Registering callback for create:sliding_door in minecraft:block_entity_type
[03Sep2026 10:46:58.074] [modloading-worker-0/INFO] [Railways/MultiRegistryCallback/]: Registering callback for railways:light_blue_sliding_locometal_door in minecraft:block
[03Sep2026 10:46:58.074] [modloading-worker-0/INFO] [Railways/MultiRegistryCallback/]: Registering callback for create:sliding_door in minecraft:block_entity_type
[03Sep2026 10:46:58.074] [modloading-worker-0/INFO] [Railways/MultiRegistryCallback/]: Registering callback for railways:light_blue_folding_locometal_door in minecraft:block
[03Sep2026 10:46:58.074] [modloading-worker-0/INFO] [Railways/MultiRegistryCallback/]: Registering callback for create:flywheel in minecraft:block_entity_type
[03Sep2026 10:46:58.074] [modloading-worker-0/INFO] [Railways/MultiRegistryCallback/]: Registering callback for railways:blue_locometal_flywheel in minecraft:block
[03Sep2026 10:46:58.074] [modloading-worker-0/INFO] [Railways/MultiRegistryCallback/]: Registering callback for create:sliding_door in minecraft:block_entity_type
[03Sep2026 10:46:58.074] [modloading-worker-0/INFO] [Railways/MultiRegistryCallback/]: Registering callback for railways:blue_sliding_locometal_door in minecraft:block
[03Sep2026 10:46:58.074] [modloading-worker-0/INFO] [Railways/MultiRegistryCallback/]: Registering callback for create:sliding_door in minecraft:block_entity_type
[03Sep2026 10:46:58.074] [modloading-worker-0/INFO] [Railways/MultiRegistryCallback/]: Registering callback for railways:blue_folding_locometal_door in minecraft:block
[03Sep2026 10:46:58.074] [modloading-worker-0/INFO] [Railways/MultiRegistryCallback/]: Registering callback for create:flywheel in minecraft:block_entity_type
[03Sep2026 10:46:58.074] [modloading-worker-0/INFO] [Railways/MultiRegistryCallback/]: Registering callback for railways:royal_blue_locometal_flywheel in minecraft:block
[03Sep2026 10:46:58.074] [modloading-worker-0/INFO] [Railways/MultiRegistryCallback/]: Registering callback for create:sliding_door in minecraft:block_entity_type
[03Sep2026 10:46:58.074] [modloading-worker-0/INFO] [Railways/MultiRegistryCallback/]: Registering callback for railways:royal_blue_sliding_locometal_door in minecraft:block
[03Sep2026 10:46:58.074] [modloading-worker-0/INFO] [Railways/MultiRegistryCallback/]: Registering callback for create:sliding_door in minecraft:block_entity_type
[03Sep2026 10:46:58.074] [modloading-worker-0/INFO] [Railways/MultiRegistryCallback/]: Registering callback for railways:royal_blue_folding_locometal_door in minecraft:block
[03Sep2026 10:46:58.074] [modloading-worker-0/INFO] [Railways/MultiRegistryCallback/]: Registering callback for create:flywheel in minecraft:block_entity_type
[03Sep2026 10:46:58.074] [modloading-worker-0/INFO] [Railways/MultiRegistryCallback/]: Registering callback for railways:purple_locometal_flywheel in minecraft:block
[03Sep2026 10:46:58.074] [modloading-worker-0/INFO] [Railways/MultiRegistryCallback/]: Registering callback for create:sliding_door in minecraft:block_entity_type
[03Sep2026 10:46:58.074] [modloading-worker-0/INFO] [Railways/MultiRegistryCallback/]: Registering callback for railways:purple_sliding_locometal_door in minecraft:block
[03Sep2026 10:46:58.074] [modloading-worker-0/INFO] [Railways/MultiRegistryCallback/]: Registering callback for create:sliding_door in minecraft:block_entity_type
[03Sep2026 10:46:58.074] [modloading-worker-0/INFO] [Railways/MultiRegistryCallback/]: Registering callback for railways:purple_folding_locometal_door in minecraft:block
[03Sep2026 10:46:58.074] [modloading-worker-0/INFO] [Railways/MultiRegistryCallback/]: Registering callback for create:flywheel in minecraft:block_entity_type
[03Sep2026 10:46:58.074] [modloading-worker-0/INFO] [Railways/MultiRegistryCallback/]: Registering callback for railways:magenta_locometal_flywheel in minecraft:block
[03Sep2026 10:46:58.074] [modloading-worker-0/INFO] [Railways/MultiRegistryCallback/]: Registering callback for create:sliding_door in minecraft:block_entity_type
[03Sep2026 10:46:58.074] [modloading-worker-0/INFO] [Railways/MultiRegistryCallback/]: Registering callback for railways:magenta_sliding_locometal_door in minecraft:block
[03Sep2026 10:46:58.074] [modloading-worker-0/INFO] [Railways/MultiRegistryCallback/]: Registering callback for create:sliding_door in minecraft:block_entity_type
[03Sep2026 10:46:58.074] [modloading-worker-0/INFO] [Railways/MultiRegistryCallback/]: Registering callback for railways:magenta_folding_locometal_door in minecraft:block
[03Sep2026 10:46:58.074] [modloading-worker-0/INFO] [Railways/MultiRegistryCallback/]: Registering callback for create:flywheel in minecraft:block_entity_type
[03Sep2026 10:46:58.074] [modloading-worker-0/INFO] [Railways/MultiRegistryCallback/]: Registering callback for railways:pink_locometal_flywheel in minecraft:block
[03Sep2026 10:46:58.074] [modloading-worker-0/INFO] [Railways/MultiRegistryCallback/]: Registering callback for create:sliding_door in minecraft:block_entity_type
[03Sep2026 10:46:58.074] [modloading-worker-0/INFO] [Railways/MultiRegistryCallback/]: Registering callback for railways:pink_sliding_locometal_door in minecraft:block
[03Sep2026 10:46:58.074] [modloading-worker-0/INFO] [Railways/MultiRegistryCallback/]: Registering callback for create:sliding_door in minecraft:block_entity_type
[03Sep2026 10:46:58.074] [modloading-worker-0/INFO] [Railways/MultiRegistryCallback/]: Registering callback for railways:pink_folding_locometal_door in minecraft:block
[03Sep2026 10:46:58.074] [modloading-worker-0/INFO] [Railways/MultiRegistryCallback/]: Registering callback for create:flywheel in minecraft:block_entity_type
[03Sep2026 10:46:58.074] [modloading-worker-0/INFO] [Railways/MultiRegistryCallback/]: Registering callback for railways:white_locometal_flywheel in minecraft:block
[03Sep2026 10:46:58.074] [modloading-worker-0/INFO] [Railways/MultiRegistryCallback/]: Registering callback for create:sliding_door in minecraft:block_entity_type
[03Sep2026 10:46:58.074] [modloading-worker-0/INFO] [Railways/MultiRegistryCallback/]: Registering callback for railways:white_sliding_locometal_door in minecraft:block
[03Sep2026 10:46:58.074] [modloading-worker-0/INFO] [Railways/MultiRegistryCallback/]: Registering callback for create:sliding_door in minecraft:block_entity_type
[03Sep2026 10:46:58.075] [modloading-worker-0/INFO] [Railways/MultiRegistryCallback/]: Registering callback for railways:white_folding_locometal_door in minecraft:block
[03Sep2026 10:46:58.075] [modloading-worker-0/INFO] [Railways/MultiRegistryCallback/]: Registering callback for create:flywheel in minecraft:block_entity_type
[03Sep2026 10:46:58.075] [modloading-worker-0/INFO] [Railways/MultiRegistryCallback/]: Registering callback for railways:diorite_locometal_flywheel in minecraft:block
[03Sep2026 10:46:58.075] [modloading-worker-0/INFO] [Railways/MultiRegistryCallback/]: Registering callback for create:sliding_door in minecraft:block_entity_type
[03Sep2026 10:46:58.075] [modloading-worker-0/INFO] [Railways/MultiRegistryCallback/]: Registering callback for railways:diorite_sliding_locometal_door in minecraft:block
[03Sep2026 10:46:58.075] [modloading-worker-0/INFO] [Railways/MultiRegistryCallback/]: Registering callback for create:sliding_door in minecraft:block_entity_type
[03Sep2026 10:46:58.075] [modloading-worker-0/INFO] [Railways/MultiRegistryCallback/]: Registering callback for railways:diorite_folding_locometal_door in minecraft:block
[03Sep2026 10:46:58.075] [modloading-worker-0/INFO] [Railways/MultiRegistryCallback/]: Registering callback for create:flywheel in minecraft:block_entity_type
[03Sep2026 10:46:58.075] [modloading-worker-0/INFO] [Railways/MultiRegistryCallback/]: Registering callback for railways:limestone_locometal_flywheel in minecraft:block
[03Sep2026 10:46:58.075] [modloading-worker-0/INFO] [Railways/MultiRegistryCallback/]: Registering callback for create:sliding_door in minecraft:block_entity_type
[03Sep2026 10:46:58.075] [modloading-worker-0/INFO] [Railways/MultiRegistryCallback/]: Registering callback for railways:limestone_sliding_locometal_door in minecraft:block
[03Sep2026 10:46:58.075] [modloading-worker-0/INFO] [Railways/MultiRegistryCallback/]: Registering callback for create:sliding_door in minecraft:block_entity_type
[03Sep2026 10:46:58.075] [modloading-worker-0/INFO] [Railways/MultiRegistryCallback/]: Registering callback for railways:limestone_folding_locometal_door in minecraft:block
[03Sep2026 10:46:58.075] [modloading-worker-0/INFO] [Railways/MultiRegistryCallback/]: Registering callback for create:flywheel in minecraft:block_entity_type
[03Sep2026 10:46:58.075] [modloading-worker-0/INFO] [Railways/MultiRegistryCallback/]: Registering callback for railways:light_gray_locometal_flywheel in minecraft:block
[03Sep2026 10:46:58.075] [modloading-worker-0/INFO] [Railways/MultiRegistryCallback/]: Registering callback for create:sliding_door in minecraft:block_entity_type
[03Sep2026 10:46:58.075] [modloading-worker-0/INFO] [Railways/MultiRegistryCallback/]: Registering callback for railways:light_gray_sliding_locometal_door in minecraft:block
[03Sep2026 10:46:58.075] [modloading-worker-0/INFO] [Railways/MultiRegistryCallback/]: Registering callback for create:sliding_door in minecraft:block_entity_type
[03Sep2026 10:46:58.075] [modloading-worker-0/INFO] [Railways/MultiRegistryCallback/]: Registering callback for railways:light_gray_folding_locometal_door in minecraft:block
[03Sep2026 10:46:58.075] [modloading-worker-0/INFO] [Railways/MultiRegistryCallback/]: Registering callback for create:flywheel in minecraft:block_entity_type
[03Sep2026 10:46:58.075] [modloading-worker-0/INFO] [Railways/MultiRegistryCallback/]: Registering callback for railways:tuff_locometal_flywheel in minecraft:block
[03Sep2026 10:46:58.075] [modloading-worker-0/INFO] [Railways/MultiRegistryCallback/]: Registering callback for create:sliding_door in minecraft:block_entity_type
[03Sep2026 10:46:58.075] [modloading-worker-0/INFO] [Railways/MultiRegistryCallback/]: Registering callback for railways:tuff_sliding_locometal_door in minecraft:block
[03Sep2026 10:46:58.075] [modloading-worker-0/INFO] [Railways/MultiRegistryCallback/]: Registering callback for create:sliding_door in minecraft:block_entity_type
[03Sep2026 10:46:58.075] [modloading-worker-0/INFO] [Railways/MultiRegistryCallback/]: Registering callback for railways:tuff_folding_locometal_door in minecraft:block
[03Sep2026 10:46:58.075] [modloading-worker-0/INFO] [Railways/MultiRegistryCallback/]: Registering callback for create:flywheel in minecraft:block_entity_type
[03Sep2026 10:46:58.075] [modloading-worker-0/INFO] [Railways/MultiRegistryCallback/]: Registering callback for railways:gray_locometal_flywheel in minecraft:block
[03Sep2026 10:46:58.075] [modloading-worker-0/INFO] [Railways/MultiRegistryCallback/]: Registering callback for create:sliding_door in minecraft:block_entity_type
[03Sep2026 10:46:58.075] [modloading-worker-0/INFO] [Railways/MultiRegistryCallback/]: Registering callback for railways:gray_sliding_locometal_door in minecraft:block
[03Sep2026 10:46:58.075] [modloading-worker-0/INFO] [Railways/MultiRegistryCallback/]: Registering callback for create:sliding_door in minecraft:block_entity_type
[03Sep2026 10:46:58.075] [modloading-worker-0/INFO] [Railways/MultiRegistryCallback/]: Registering callback for railways:gray_folding_locometal_door in minecraft:block
[03Sep2026 10:46:58.075] [modloading-worker-0/INFO] [Railways/MultiRegistryCallback/]: Registering callback for create:flywheel in minecraft:block_entity_type
[03Sep2026 10:46:58.075] [modloading-worker-0/INFO] [Railways/MultiRegistryCallback/]: Registering callback for railways:scorchia_locometal_flywheel in minecraft:block
[03Sep2026 10:46:58.075] [modloading-worker-0/INFO] [Railways/MultiRegistryCallback/]: Registering callback for create:sliding_door in minecraft:block_entity_type
[03Sep2026 10:46:58.075] [modloading-worker-0/INFO] [Railways/MultiRegistryCallback/]: Registering callback for railways:scorchia_sliding_locometal_door in minecraft:block
[03Sep2026 10:46:58.075] [modloading-worker-0/INFO] [Railways/MultiRegistryCallback/]: Registering callback for create:sliding_door in minecraft:block_entity_type
[03Sep2026 10:46:58.075] [modloading-worker-0/INFO] [Railways/MultiRegistryCallback/]: Registering callback for railways:scorchia_folding_locometal_door in minecraft:block
[03Sep2026 10:46:58.075] [modloading-worker-0/INFO] [Railways/MultiRegistryCallback/]: Registering callback for create:flywheel in minecraft:block_entity_type
[03Sep2026 10:46:58.075] [modloading-worker-0/INFO] [Railways/MultiRegistryCallback/]: Registering callback for railways:black_locometal_flywheel in minecraft:block
[03Sep2026 10:46:58.075] [modloading-worker-0/INFO] [Railways/MultiRegistryCallback/]: Registering callback for create:sliding_door in minecraft:block_entity_type
[03Sep2026 10:46:58.075] [modloading-worker-0/INFO] [Railways/MultiRegistryCallback/]: Registering callback for railways:black_sliding_locometal_door in minecraft:block
[03Sep2026 10:46:58.075] [modloading-worker-0/INFO] [Railways/MultiRegistryCallback/]: Registering callback for create:sliding_door in minecraft:block_entity_type
[03Sep2026 10:46:58.075] [modloading-worker-0/INFO] [Railways/MultiRegistryCallback/]: Registering callback for railways:black_folding_locometal_door in minecraft:block
[03Sep2026 10:46:58.079] [modloading-worker-0/INFO] [Railways/]: Registering tracks for Hex Casting
[03Sep2026 10:46:58.079] [modloading-worker-0/INFO] [Railways/]: Registering tracks for Oh The Biomes You'll Go
[03Sep2026 10:46:58.080] [modloading-worker-0/INFO] [Railways/]: Registering tracks for Blue Skies
[03Sep2026 10:46:58.080] [modloading-worker-0/INFO] [Railways/]: Registering tracks for Twilight Forest
[03Sep2026 10:46:58.080] [modloading-worker-0/INFO] [Railways/]: Registering tracks for Biomes O' Plenty
[03Sep2026 10:46:58.081] [modloading-worker-0/INFO] [Railways/]: Registering tracks for Nature's Spirit
[03Sep2026 10:46:58.081] [modloading-worker-0/INFO] [Railways/]: Registering tracks for Dreams and Desires
[03Sep2026 10:46:58.081] [modloading-worker-0/INFO] [Railways/]: Registering tracks for Quark
[03Sep2026 10:46:58.081] [modloading-worker-0/INFO] [Railways/]: Registering tracks for TerraFirmaCraft
[03Sep2026 10:46:59.698] [Render thread/WARN] [dev.architectury.registry.registries.forge.RegistrarManagerImpl/]: Registry entry listened Registry Entry [minecraft:entity_type / artifacts:mimic] was not realized!
[03Sep2026 10:46:59.698] [Render thread/WARN] [dev.architectury.registry.registries.forge.RegistrarManagerImpl/]: Registry entry listened Registry Entry [minecraft:entity_type / bakery:wandering_baker] was not realized!
[03Sep2026 10:46:59.698] [Render thread/WARN] [dev.architectury.registry.registries.forge.RegistrarManagerImpl/]: Registry entry listened Registry Entry [minecraft:entity_type / vinery:mule] was not realized!
[03Sep2026 10:46:59.698] [Render thread/WARN] [dev.architectury.registry.registries.forge.RegistrarManagerImpl/]: Registry entry listened Registry Entry [minecraft:entity_type / vinery:wandering_winemaker] was not realized!
[03Sep2026 10:46:59.699] [Render thread/WARN] [dev.architectury.registry.registries.forge.RegistrarManagerImpl/]: Registry entry listened Registry Entry [minecraft:entity_type / artifacts:mimic] was not realized!
[03Sep2026 10:46:59.699] [Render thread/WARN] [dev.architectury.registry.registries.forge.RegistrarManagerImpl/]: Registry entry listened Registry Entry [minecraft:entity_type / bakery:wandering_baker] was not realized!
[03Sep2026 10:46:59.699] [Render thread/WARN] [dev.architectury.registry.registries.forge.RegistrarManagerImpl/]: Registry entry listened Registry Entry [minecraft:entity_type / vinery:mule] was not realized!
[03Sep2026 10:46:59.699] [Render thread/WARN] [dev.architectury.registry.registries.forge.RegistrarManagerImpl/]: Registry entry listened Registry Entry [minecraft:entity_type / vinery:wandering_winemaker] was not realized!
[03Sep2026 10:46:59.699] [Render thread/WARN] [dev.architectury.registry.registries.forge.RegistrarManagerImpl/]: Registry entry listened Registry Entry [minecraft:entity_type / artifacts:mimic] was not realized!
[03Sep2026 10:46:59.699] [Render thread/WARN] [dev.architectury.registry.registries.forge.RegistrarManagerImpl/]: Registry entry listened Registry Entry [minecraft:entity_type / bakery:wandering_baker] was not realized!
[03Sep2026 10:46:59.699] [Render thread/WARN] [dev.architectury.registry.registries.forge.RegistrarManagerImpl/]: Registry entry listened Registry Entry [minecraft:entity_type / vinery:mule] was not realized!
[03Sep2026 10:46:59.699] [Render thread/WARN] [dev.architectury.registry.registries.forge.RegistrarManagerImpl/]: Registry entry listened Registry Entry [minecraft:entity_type / vinery:wandering_winemaker] was not realized!
[03Sep2026 10:46:59.701] [Render thread/WARN] [dev.architectury.registry.registries.forge.RegistrarManagerImpl/]: Registry entry listened Registry Entry [minecraft:entity_type / artifacts:mimic] was not realized!
[03Sep2026 10:46:59.701] [Render thread/WARN] [dev.architectury.registry.registries.forge.RegistrarManagerImpl/]: Registry entry listened Registry Entry [minecraft:entity_type / vinery:mule] was not realized!
[03Sep2026 10:46:59.701] [Render thread/WARN] [dev.architectury.registry.registries.forge.RegistrarManagerImpl/]: Registry entry listened Registry Entry [minecraft:entity_type / vinery:wandering_winemaker] was not realized!
[03Sep2026 10:46:59.704] [Render thread/WARN] [dev.architectury.registry.registries.forge.RegistrarManagerImpl/]: Registry entry listened Registry Entry [minecraft:entity_type / artifacts:mimic] was not realized!
[03Sep2026 10:46:59.704] [Render thread/WARN] [dev.architectury.registry.registries.forge.RegistrarManagerImpl/]: Registry entry listened Registry Entry [minecraft:entity_type / artifacts:mimic] was not realized!
[03Sep2026 10:46:59.704] [Render thread/WARN] [dev.architectury.registry.registries.forge.RegistrarManagerImpl/]: Registry entry listened Registry Entry [minecraft:entity_type / artifacts:mimic] was not realized!
[03Sep2026 10:46:59.743] [Render thread/INFO] [Moonlight/]: Initialized block sets in 13ms
[03Sep2026 10:46:59.829] [Render thread/INFO] [Railways/MultiRegistryCallback/]: Running callback for create:flywheel and railways:locometal_flywheel
[03Sep2026 10:46:59.829] [Render thread/INFO] [Railways/MultiRegistryCallback/]: Running callback for create:flywheel and railways:brown_locometal_flywheel
[03Sep2026 10:46:59.829] [Render thread/INFO] [Railways/MultiRegistryCallback/]: Running callback for create:flywheel and railways:maroon_locometal_flywheel
[03Sep2026 10:46:59.829] [Render thread/INFO] [Railways/MultiRegistryCallback/]: Running callback for create:flywheel and railways:red_locometal_flywheel
[03Sep2026 10:46:59.829] [Render thread/INFO] [Railways/MultiRegistryCallback/]: Running callback for create:flywheel and railways:vermilion_locometal_flywheel
[03Sep2026 10:46:59.829] [Render thread/INFO] [Railways/MultiRegistryCallback/]: Running callback for create:flywheel and railways:orange_locometal_flywheel
[03Sep2026 10:46:59.829] [Render thread/INFO] [Railways/MultiRegistryCallback/]: Running callback for create:flywheel and railways:granite_locometal_flywheel
[03Sep2026 10:46:59.829] [Render thread/INFO] [Railways/MultiRegistryCallback/]: Running callback for create:flywheel and railways:dripstone_locometal_flywheel
[03Sep2026 10:46:59.829] [Render thread/INFO] [Railways/MultiRegistryCallback/]: Running callback for create:flywheel and railways:ochrum_locometal_flywheel
[03Sep2026 10:46:59.829] [Render thread/INFO] [Railways/MultiRegistryCallback/]: Running callback for create:flywheel and railways:yellow_locometal_flywheel
[03Sep2026 10:46:59.829] [Render thread/INFO] [Railways/MultiRegistryCallback/]: Running callback for create:flywheel and railways:chartreuse_locometal_flywheel
[03Sep2026 10:46:59.829] [Render thread/INFO] [Railways/MultiRegistryCallback/]: Running callback for create:flywheel and railways:olive_green_locometal_flywheel
[03Sep2026 10:46:59.829] [Render thread/INFO] [Railways/MultiRegistryCallback/]: Running callback for create:flywheel and railways:lime_locometal_flywheel
[03Sep2026 10:46:59.829] [Render thread/INFO] [Railways/MultiRegistryCallback/]: Running callback for create:flywheel and railways:green_locometal_flywheel
[03Sep2026 10:46:59.829] [Render thread/INFO] [Railways/MultiRegistryCallback/]: Running callback for create:flywheel and railways:pine_green_locometal_flywheel
[03Sep2026 10:46:59.829] [Render thread/INFO] [Railways/MultiRegistryCallback/]: Running callback for create:flywheel and railways:cyan_locometal_flywheel
[03Sep2026 10:46:59.829] [Render thread/INFO] [Railways/MultiRegistryCallback/]: Running callback for create:flywheel and railways:sea_green_locometal_flywheel
[03Sep2026 10:46:59.829] [Render thread/INFO] [Railways/MultiRegistryCallback/]: Running callback for create:flywheel and railways:turquoise_locometal_flywheel
[03Sep2026 10:46:59.829] [Render thread/INFO] [Railways/MultiRegistryCallback/]: Running callback for create:flywheel and railways:light_blue_locometal_flywheel
[03Sep2026 10:46:59.829] [Render thread/INFO] [Railways/MultiRegistryCallback/]: Running callback for create:flywheel and railways:blue_locometal_flywheel
[03Sep2026 10:46:59.829] [Render thread/INFO] [Railways/MultiRegistryCallback/]: Running callback for create:flywheel and railways:royal_blue_locometal_flywheel
[03Sep2026 10:46:59.829] [Render thread/INFO] [Railways/MultiRegistryCallback/]: Running callback for create:flywheel and railways:purple_locometal_flywheel
[03Sep2026 10:46:59.829] [Render thread/INFO] [Railways/MultiRegistryCallback/]: Running callback for create:flywheel and railways:magenta_locometal_flywheel
[03Sep2026 10:46:59.829] [Render thread/INFO] [Railways/MultiRegistryCallback/]: Running callback for create:flywheel and railways:pink_locometal_flywheel
[03Sep2026 10:46:59.829] [Render thread/INFO] [Railways/MultiRegistryCallback/]: Running callback for create:flywheel and railways:white_locometal_flywheel
[03Sep2026 10:46:59.829] [Render thread/INFO] [Railways/MultiRegistryCallback/]: Running callback for create:flywheel and railways:diorite_locometal_flywheel
[03Sep2026 10:46:59.829] [Render thread/INFO] [Railways/MultiRegistryCallback/]: Running callback for create:flywheel and railways:limestone_locometal_flywheel
[03Sep2026 10:46:59.829] [Render thread/INFO] [Railways/MultiRegistryCallback/]: Running callback for create:flywheel and railways:light_gray_locometal_flywheel
[03Sep2026 10:46:59.829] [Render thread/INFO] [Railways/MultiRegistryCallback/]: Running callback for create:flywheel and railways:tuff_locometal_flywheel
[03Sep2026 10:46:59.829] [Render thread/INFO] [Railways/MultiRegistryCallback/]: Running callback for create:flywheel and railways:gray_locometal_flywheel
[03Sep2026 10:46:59.829] [Render thread/INFO] [Railways/MultiRegistryCallback/]: Running callback for create:flywheel and railways:scorchia_locometal_flywheel
[03Sep2026 10:46:59.829] [Render thread/INFO] [Railways/MultiRegistryCallback/]: Running callback for create:flywheel and railways:black_locometal_flywheel
[03Sep2026 10:46:59.830] [Render thread/INFO] [Railways/MultiRegistryCallback/]: Running callback for create:sliding_door and railways:sliding_locometal_door
[03Sep2026 10:46:59.830] [Render thread/INFO] [Railways/MultiRegistryCallback/]: Running callback for create:sliding_door and railways:folding_locometal_door
[03Sep2026 10:46:59.830] [Render thread/INFO] [Railways/MultiRegistryCallback/]: Running callback for create:sliding_door and railways:brown_sliding_locometal_door
[03Sep2026 10:46:59.830] [Render thread/INFO] [Railways/MultiRegistryCallback/]: Running callback for create:sliding_door and railways:brown_folding_locometal_door
[03Sep2026 10:46:59.830] [Render thread/INFO] [Railways/MultiRegistryCallback/]: Running callback for create:sliding_door and railways:maroon_sliding_locometal_door
[03Sep2026 10:46:59.830] [Render thread/INFO] [Railways/MultiRegistryCallback/]: Running callback for create:sliding_door and railways:maroon_folding_locometal_door
[03Sep2026 10:46:59.830] [Render thread/INFO] [Railways/MultiRegistryCallback/]: Running callback for create:sliding_door and railways:red_sliding_locometal_door
[03Sep2026 10:46:59.830] [Render thread/INFO] [Railways/MultiRegistryCallback/]: Running callback for create:sliding_door and railways:red_folding_locometal_door
[03Sep2026 10:46:59.830] [Render thread/INFO] [Railways/MultiRegistryCallback/]: Running callback for create:sliding_door and railways:vermilion_sliding_locometal_door
[03Sep2026 10:46:59.830] [Render thread/INFO] [Railways/MultiRegistryCallback/]: Running callback for create:sliding_door and railways:vermilion_folding_locometal_door
[03Sep2026 10:46:59.830] [Render thread/INFO] [Railways/MultiRegistryCallback/]: Running callback for create:sliding_door and railways:orange_sliding_locometal_door
[03Sep2026 10:46:59.830] [Render thread/INFO] [Railways/MultiRegistryCallback/]: Running callback for create:sliding_door and railways:orange_folding_locometal_door
[03Sep2026 10:46:59.830] [Render thread/INFO] [Railways/MultiRegistryCallback/]: Running callback for create:sliding_door and railways:granite_sliding_locometal_door
[03Sep2026 10:46:59.830] [Render thread/INFO] [Railways/MultiRegistryCallback/]: Running callback for create:sliding_door and railways:granite_folding_locometal_door
[03Sep2026 10:46:59.830] [Render thread/INFO] [Railways/MultiRegistryCallback/]: Running callback for create:sliding_door and railways:dripstone_sliding_locometal_door
[03Sep2026 10:46:59.830] [Render thread/INFO] [Railways/MultiRegistryCallback/]: Running callback for create:sliding_door and railways:dripstone_folding_locometal_door
[03Sep2026 10:46:59.830] [Render thread/INFO] [Railways/MultiRegistryCallback/]: Running callback for create:sliding_door and railways:ochrum_sliding_locometal_door
[03Sep2026 10:46:59.830] [Render thread/INFO] [Railways/MultiRegistryCallback/]: Running callback for create:sliding_door and railways:ochrum_folding_locometal_door
[03Sep2026 10:46:59.830] [Render thread/INFO] [Railways/MultiRegistryCallback/]: Running callback for create:sliding_door and railways:yellow_sliding_locometal_door
[03Sep2026 10:46:59.830] [Render thread/INFO] [Railways/MultiRegistryCallback/]: Running callback for create:sliding_door and railways:yellow_folding_locometal_door
[03Sep2026 10:46:59.830] [Render thread/INFO] [Railways/MultiRegistryCallback/]: Running callback for create:sliding_door and railways:chartreuse_sliding_locometal_door
[03Sep2026 10:46:59.830] [Render thread/INFO] [Railways/MultiRegistryCallback/]: Running callback for create:sliding_door and railways:chartreuse_folding_locometal_door
[03Sep2026 10:46:59.830] [Render thread/INFO] [Railways/MultiRegistryCallback/]: Running callback for create:sliding_door and railways:olive_green_sliding_locometal_door
[03Sep2026 10:46:59.830] [Render thread/INFO] [Railways/MultiRegistryCallback/]: Running callback for create:sliding_door and railways:olive_green_folding_locometal_door
[03Sep2026 10:46:59.830] [Render thread/INFO] [Railways/MultiRegistryCallback/]: Running callback for create:sliding_door and railways:lime_sliding_locometal_door
[03Sep2026 10:46:59.830] [Render thread/INFO] [Railways/MultiRegistryCallback/]: Running callback for create:sliding_door and railways:lime_folding_locometal_door
[03Sep2026 10:46:59.830] [Render thread/INFO] [Railways/MultiRegistryCallback/]: Running callback for create:sliding_door and railways:green_sliding_locometal_door
[03Sep2026 10:46:59.830] [Render thread/INFO] [Railways/MultiRegistryCallback/]: Running callback for create:sliding_door and railways:green_folding_locometal_door
[03Sep2026 10:46:59.830] [Render thread/INFO] [Railways/MultiRegistryCallback/]: Running callback for create:sliding_door and railways:pine_green_sliding_locometal_door
[03Sep2026 10:46:59.830] [Render thread/INFO] [Railways/MultiRegistryCallback/]: Running callback for create:sliding_door and railways:pine_green_folding_locometal_door
[03Sep2026 10:46:59.830] [Render thread/INFO] [Railways/MultiRegistryCallback/]: Running callback for create:sliding_door and railways:cyan_sliding_locometal_door
[03Sep2026 10:46:59.830] [Render thread/INFO] [Railways/MultiRegistryCallback/]: Running callback for create:sliding_door and railways:cyan_folding_locometal_door
[03Sep2026 10:46:59.830] [Render thread/INFO] [Railways/MultiRegistryCallback/]: Running callback for create:sliding_door and railways:sea_green_sliding_locometal_door
[03Sep2026 10:46:59.830] [Render thread/INFO] [Railways/MultiRegistryCallback/]: Running callback for create:sliding_door and railways:sea_green_folding_locometal_door
[03Sep2026 10:46:59.830] [Render thread/INFO] [Railways/MultiRegistryCallback/]: Running callback for create:sliding_door and railways:turquoise_sliding_locometal_door
[03Sep2026 10:46:59.830] [Render thread/INFO] [Railways/MultiRegistryCallback/]: Running callback for create:sliding_door and railways:turquoise_folding_locometal_door
[03Sep2026 10:46:59.830] [Render thread/INFO] [Railways/MultiRegistryCallback/]: Running callback for create:sliding_door and railways:light_blue_sliding_locometal_door
[03Sep2026 10:46:59.831] [Render thread/INFO] [Railways/MultiRegistryCallback/]: Running callback for create:sliding_door and railways:light_blue_folding_locometal_door
[03Sep2026 10:46:59.831] [Render thread/INFO] [Railways/MultiRegistryCallback/]: Running callback for create:sliding_door and railways:blue_sliding_locometal_door
[03Sep2026 10:46:59.831] [Render thread/INFO] [Railways/MultiRegistryCallback/]: Running callback for create:sliding_door and railways:blue_folding_locometal_door
[03Sep2026 10:46:59.831] [Render thread/INFO] [Railways/MultiRegistryCallback/]: Running callback for create:sliding_door and railways:royal_blue_sliding_locometal_door
[03Sep2026 10:46:59.831] [Render thread/INFO] [Railways/MultiRegistryCallback/]: Running callback for create:sliding_door and railways:royal_blue_folding_locometal_door
[03Sep2026 10:46:59.831] [Render thread/INFO] [Railways/MultiRegistryCallback/]: Running callback for create:sliding_door and railways:purple_sliding_locometal_door
[03Sep2026 10:46:59.831] [Render thread/INFO] [Railways/MultiRegistryCallback/]: Running callback for create:sliding_door and railways:purple_folding_locometal_door
[03Sep2026 10:46:59.831] [Render thread/INFO] [Railways/MultiRegistryCallback/]: Running callback for create:sliding_door and railways:magenta_sliding_locometal_door
[03Sep2026 10:46:59.831] [Render thread/INFO] [Railways/MultiRegistryCallback/]: Running callback for create:sliding_door and railways:magenta_folding_locometal_door
[03Sep2026 10:46:59.831] [Render thread/INFO] [Railways/MultiRegistryCallback/]: Running callback for create:sliding_door and railways:pink_sliding_locometal_door
[03Sep2026 10:46:59.831] [Render thread/INFO] [Railways/MultiRegistryCallback/]: Running callback for create:sliding_door and railways:pink_folding_locometal_door
[03Sep2026 10:46:59.831] [Render thread/INFO] [Railways/MultiRegistryCallback/]: Running callback for create:sliding_door and railways:white_sliding_locometal_door
[03Sep2026 10:46:59.831] [Render thread/INFO] [Railways/MultiRegistryCallback/]: Running callback for create:sliding_door and railways:white_folding_locometal_door
[03Sep2026 10:46:59.831] [Render thread/INFO] [Railways/MultiRegistryCallback/]: Running callback for create:sliding_door and railways:diorite_sliding_locometal_door
[03Sep2026 10:46:59.831] [Render thread/INFO] [Railways/MultiRegistryCallback/]: Running callback for create:sliding_door and railways:diorite_folding_locometal_door
[03Sep2026 10:46:59.831] [Render thread/INFO] [Railways/MultiRegistryCallback/]: Running callback for create:sliding_door and railways:limestone_sliding_locometal_door
[03Sep2026 10:46:59.831] [Render thread/INFO] [Railways/MultiRegistryCallback/]: Running callback for create:sliding_door and railways:limestone_folding_locometal_door
[03Sep2026 10:46:59.831] [Render thread/INFO] [Railways/MultiRegistryCallback/]: Running callback for create:sliding_door and railways:light_gray_sliding_locometal_door
[03Sep2026 10:46:59.831] [Render thread/INFO] [Railways/MultiRegistryCallback/]: Running callback for create:sliding_door and railways:light_gray_folding_locometal_door
[03Sep2026 10:46:59.831] [Render thread/INFO] [Railways/MultiRegistryCallback/]: Running callback for create:sliding_door and railways:tuff_sliding_locometal_door
[03Sep2026 10:46:59.831] [Render thread/INFO] [Railways/MultiRegistryCallback/]: Running callback for create:sliding_door and railways:tuff_folding_locometal_door
[03Sep2026 10:46:59.831] [Render thread/INFO] [Railways/MultiRegistryCallback/]: Running callback for create:sliding_door and railways:gray_sliding_locometal_door
[03Sep2026 10:46:59.831] [Render thread/INFO] [Railways/MultiRegistryCallback/]: Running callback for create:sliding_door and railways:gray_folding_locometal_door
[03Sep2026 10:46:59.831] [Render thread/INFO] [Railways/MultiRegistryCallback/]: Running callback for create:sliding_door and railways:scorchia_sliding_locometal_door
[03Sep2026 10:46:59.831] [Render thread/INFO] [Railways/MultiRegistryCallback/]: Running callback for create:sliding_door and railways:scorchia_folding_locometal_door
[03Sep2026 10:46:59.831] [Render thread/INFO] [Railways/MultiRegistryCallback/]: Running callback for create:sliding_door and railways:black_sliding_locometal_door
[03Sep2026 10:46:59.831] [Render thread/INFO] [Railways/MultiRegistryCallback/]: Running callback for create:sliding_door and railways:black_folding_locometal_door
[03Sep2026 10:46:59.831] [Render thread/INFO] [Railways/MultiRegistryCallback/]: Running callback for create:copycat and railways:conductor_vent
[03Sep2026 10:47:00.135] [Render thread/INFO] [Railways/MultiRegistryCallback/]: Running callback for create:track_signal and railways:track_signal_source
[03Sep2026 10:47:00.135] [Render thread/INFO] [Railways/MultiRegistryCallback/]: Running finalizers
[03Sep2026 10:47:00.233] [Render thread/INFO] [ModernFix/]: Replacing search trees with 'JEI' provider
[03Sep2026 10:47:00.430] [Render thread/INFO] [Embeddium/]: Block minecraft:birch_leaves had its color provider replaced and will not use per-vertex coloring
[03Sep2026 10:47:00.658] [Render thread/INFO] [Easy NPC: Core/]: 🗣 Register Easy NPC: Core Entity Layer Definitions ...
[03Sep2026 10:47:00.701] [Render thread/INFO] [Easy NPC: Core/]: 🗣 Register Easy NPC: Core Block Entity Renderers ...
[03Sep2026 10:47:00.701] [Render thread/INFO] [Easy NPC: Core/]: 🗣 Register Easy NPC: Core Entity Renders ...
[03Sep2026 10:47:00.956] [Worker-Main-2/ERROR] [net.minecraft.client.multiplayer.AccountProfileKeyPairManager/]: Failed to retrieve profile key pair
java.io.IOException: Could not retrieve profile key pair
	at net.minecraft.client.multiplayer.AccountProfileKeyPairManager.m_253252_(AccountProfileKeyPairManager.java:129) ~[client-1.20.1-20230612.114412-srg.jar%23401!/:?]
	at net.minecraft.client.multiplayer.AccountProfileKeyPairManager.m_252828_(AccountProfileKeyPairManager.java:74) ~[client-1.20.1-20230612.114412-srg.jar%23401!/:?]
	at java.util.concurrent.CompletableFuture$AsyncSupply.run(CompletableFuture.java:1768) ~[?:?]
	at java.util.concurrent.CompletableFuture$AsyncSupply.exec(CompletableFuture.java:1760) ~[?:?]
	at java.util.concurrent.ForkJoinTask.doExec(ForkJoinTask.java:373) ~[?:?]
	at java.util.concurrent.ForkJoinPool$WorkQueue.topLevelExec(ForkJoinPool.java:1182) ~[?:?]
	at java.util.concurrent.ForkJoinPool.scan(ForkJoinPool.java:1655) ~[?:?]
	at java.util.concurrent.ForkJoinPool.runWorker(ForkJoinPool.java:1622) ~[?:?]
	at java.util.concurrent.ForkJoinWorkerThread.run(ForkJoinWorkerThread.java:165) ~[?:?]
[03Sep2026 10:47:01.822] [Render thread/INFO] [net.minecraft.server.packs.resources.ReloadableResourceManager/]: Reloading ResourceManager: vanilla, mod_resources, Moonlight Mods Dynamic Assets, KubeJS Resource Pack [assets]
[03Sep2026 10:47:01.843] [Worker-ResourceReload-0/INFO] [Moonlight/]: Starting runtime resource generation for pack type CLIENT_RESOURCES with generators from mods [supplementaries, moonlight, supplementaries]: [net.mehvahdjukaar.moonlight.core.MoonlightClient$MLDynamicClientResources@2f5d5ae, net.mehvahdjukaar.supplementaries.dynamicpack.ClientDynamicResourcesGenerator@4c4978b4]
[03Sep2026 10:47:01.843] [Worker-ResourceReload-0/INFO] [Moonlight/]: Generating runtime assets for pack Moonlight Mods Dynamic Assets (moonlight)
[03Sep2026 10:47:01.844] [Render thread/INFO] [KubeJS Client/]: Client resource reload complete!
[03Sep2026 10:47:01.846] [Worker-ResourceReload-0/INFO] [Moonlight/]: Generated runtime CLIENT_RESOURCES for pack Moonlight Mods Dynamic Assets (moonlight) in: 3 ms (multithreaded)
[03Sep2026 10:47:01.848] [Worker-ResourceReload-0/INFO] [Moonlight/]: Generating runtime assets for pack Moonlight Mods Dynamic Assets (supplementaries)
[03Sep2026 10:47:01.936] [Finalizer/WARN] [ModernFix/]: One or more BufferBuilders have been leaked, ModernFix will attempt to correct this.
[03Sep2026 10:47:02.367] [Worker-ResourceReload-0/INFO] [Supplementaries/]: Generated runtime CLIENT_RESOURCES for pack Moonlight Mods Dynamic Assets (supplementaries) in: 519 ms (multithreaded)
[03Sep2026 10:47:02.367] [Worker-ResourceReload-0/INFO] [Moonlight/]: Finished runtime resources generation for 3 packs in a total of 524 ms
[03Sep2026 10:47:02.444] [Worker-ResourceReload-8/WARN] [net.minecraft.client.sounds.SoundManager/]: File supplementaries:sounds/item/awning_bounce_1.ogg does not exist, cannot add it to event supplementaries:block.awning.bounce
[03Sep2026 10:47:02.445] [Worker-ResourceReload-8/WARN] [net.minecraft.client.sounds.SoundManager/]: File supplementaries:sounds/item/awning_bounce_2.ogg does not exist, cannot add it to event supplementaries:block.awning.bounce
[03Sep2026 10:47:02.445] [Worker-ResourceReload-8/WARN] [net.minecraft.client.sounds.SoundManager/]: File supplementaries:sounds/item/awning_bounce_3.ogg does not exist, cannot add it to event supplementaries:block.awning.bounce
[03Sep2026 10:47:02.459] [Worker-ResourceReload-0/INFO] [net.minecraft.client.gui.font.providers.UnihexProvider/]: Found unifont_all_no_pua-15.0.06.hex, loading
[03Sep2026 10:47:02.676] [Worker-ResourceReload-7/INFO] [particlerain/]: Skipping loading custom particles because no file exists at: config/particlerain/particles.json
[03Sep2026 10:47:02.677] [Worker-ResourceReload-7/INFO] [particlerain/]: Loaded 14 particles
[03Sep2026 10:47:02.736] [Worker-ResourceReload-3/INFO] [particlerain/]: Creating config file at config/particlerain/config.json
[03Sep2026 10:47:02.930] [Worker-ResourceReload-3/INFO] [FTB Library/]: Setting game stages provider implementation to: KubeJS Stages
[03Sep2026 10:47:02.930] [Worker-ResourceReload-3/INFO] [FTB XMod Compat/]: Chose [KubeJS Stages] as the active game stages implementation
[03Sep2026 10:47:02.931] [Worker-ResourceReload-3/INFO] [FTB XMod Compat/]: Chose [FALLBACK] as the active permissions implementation
[03Sep2026 10:47:02.932] [Worker-ResourceReload-3/INFO] [FTB XMod Compat/]: [FTB Quests] recipe helper provider is [JEI]
[03Sep2026 10:47:02.951] [Worker-ResourceReload-3/INFO] [xaero.lib.XaeroLib/]: Loading XaeroLib common 1/2!
[03Sep2026 10:47:02.970] [Forge Version Check/INFO] [net.minecraftforge.fml.VersionChecker/]: [quarryplus] Starting version check at https://version.kotori316.com/get-version/1.20.1/forge/quarryplus
[03Sep2026 10:47:02.978] [Worker-ResourceReload-3/INFO] [voicechat/]: [voicechat] Compatibility version 20
[03Sep2026 10:47:03.014] [Worker-ResourceReload-3/INFO] [voicechat/]: [voicechat] Loading plugins
[03Sep2026 10:47:03.018] [Worker-ResourceReload-3/INFO] [voicechat/]: [voicechat] Loaded 1 plugin(s)
[03Sep2026 10:47:03.019] [Worker-ResourceReload-3/INFO] [voicechat/]: [voicechat] Initializing plugins
[03Sep2026 10:47:03.024] [Worker-ResourceReload-3/INFO] [Sound Physics - General/]: Initializing Simple Voice Chat integration
[03Sep2026 10:47:03.024] [Worker-ResourceReload-3/INFO] [voicechat/]: [voicechat] Initialized 1 plugin(s)
[03Sep2026 10:47:03.025] [Worker-ResourceReload-3/INFO] [voicechat/]: [voicechat] Registering events for 'sound_physics_remastered'
[03Sep2026 10:47:03.103] [Worker-ResourceReload-3/INFO] [com.jaquadro.minecraft.storagedrawers.ModServices/]: New compacting rule 4 clay_ball = 1 clay
[03Sep2026 10:47:03.103] [Worker-ResourceReload-3/INFO] [com.jaquadro.minecraft.storagedrawers.ModServices/]: New compacting rule 4 snowball = 1 snow_block
[03Sep2026 10:47:03.103] [Worker-ResourceReload-3/INFO] [com.jaquadro.minecraft.storagedrawers.ModServices/]: New compacting rule 4 glowstone_dust = 1 glowstone
[03Sep2026 10:47:03.103] [Worker-ResourceReload-3/INFO] [com.jaquadro.minecraft.storagedrawers.ModServices/]: New compacting rule 4 brick = 1 bricks
[03Sep2026 10:47:03.103] [Worker-ResourceReload-3/INFO] [com.jaquadro.minecraft.storagedrawers.ModServices/]: New compacting rule 4 nether_brick = 1 nether_bricks
[03Sep2026 10:47:03.103] [Worker-ResourceReload-3/INFO] [com.jaquadro.minecraft.storagedrawers.ModServices/]: New compacting rule 9 nether_wart = 1 nether_wart_block
[03Sep2026 10:47:03.103] [Worker-ResourceReload-3/INFO] [com.jaquadro.minecraft.storagedrawers.ModServices/]: New compacting rule 4 quartz = 1 quartz_block
[03Sep2026 10:47:03.103] [Worker-ResourceReload-3/INFO] [com.jaquadro.minecraft.storagedrawers.ModServices/]: New compacting rule 9 melon_slice = 1 melon
[03Sep2026 10:47:03.103] [Worker-ResourceReload-3/INFO] [com.jaquadro.minecraft.storagedrawers.ModServices/]: New compacting rule 9 bamboo = 1 bamboo_block
[03Sep2026 10:47:03.104] [Worker-ResourceReload-3/INFO] [com.jaquadro.minecraft.storagedrawers.ModServices/]: New compacting rule 4 clay_ball = 1 clay
[03Sep2026 10:47:03.105] [Worker-ResourceReload-3/INFO] [com.jaquadro.minecraft.storagedrawers.ModServices/]: New denied storage item creative_vending_upgrade
[03Sep2026 10:47:03.110] [Worker-ResourceReload-3/INFO] [com.jaquadro.minecraft.storagedrawers.ModServices/]: Adding ore conversions for types: forge:storage_blocks, forge:ingots, forge:nuggets
[03Sep2026 10:47:03.111] [Forge Version Check/INFO] [net.minecraftforge.fml.VersionChecker/]: [quarryplus] Found status: BETA Current: 1201.1.136 Target: 1201.1.136
[03Sep2026 10:47:03.111] [Worker-ResourceReload-3/INFO] [com.jaquadro.minecraft.storagedrawers.ModServices/]: Adding ore conversions for materials: aluminum, constantan, steel, uranium, invar, tin, lead, silver, platinum, nickel, osmium, bronze, electrum
[03Sep2026 10:47:03.111] [Forge Version Check/INFO] [net.minecraftforge.fml.VersionChecker/]: [mcwwindows] Starting version check at https://raw.githubusercontent.com/sketchmacaw/macawsmods/master/window.json
[03Sep2026 10:47:03.126] [Render thread/INFO] [Easy NPC: Core/]: 🗣 Register Easy NPC: Core Network Handler for net.minecraftforge.network.simple.SimpleChannel@f6898d3 with version 31
[03Sep2026 10:47:03.127] [Render thread/INFO] [Easy NPC: Core/]: 🗣 Register Easy NPC: Core Network Handler ...
[03Sep2026 10:47:03.127] [Render thread/INFO] [Easy NPC: Core/]: Registering network messages for BOTH side ...
[03Sep2026 10:47:03.185] [Forge Version Check/INFO] [net.minecraftforge.fml.VersionChecker/]: [mcwwindows] Found status: UP_TO_DATE Current: 2.4.2 Target: null
[03Sep2026 10:47:03.185] [Forge Version Check/INFO] [net.minecraftforge.fml.VersionChecker/]: [bookshelf] Starting version check at https://updates.blamejared.com/get?n=bookshelf&gv=1.20.1
[03Sep2026 10:47:03.216] [Render thread/INFO] [ribbits/]: Registering Ribbit umbrella types...
[03Sep2026 10:47:03.216] [Render thread/INFO] [ribbits/]: Registering Ribbit professions...
[03Sep2026 10:47:03.217] [Render thread/INFO] [ribbits/]: Registering Ribbit instruments...
[03Sep2026 10:47:03.217] [Render thread/INFO] [ribbits/]: Registering Ribbit data serializers...
[03Sep2026 10:47:03.237] [Render thread/INFO] [Easy NPC: Config UI/]: 🗣 Register Easy NPC: Config UI Network Handler for net.minecraftforge.network.simple.SimpleChannel@349b22da with version 30
[03Sep2026 10:47:03.238] [Render thread/INFO] [Easy NPC: Config UI/]: 🗣 Register Easy NPC: Config UI Network Handler ...
[03Sep2026 10:47:03.238] [Render thread/INFO] [Easy NPC: Config UI/]: Registering network messages for BOTH side ...
[03Sep2026 10:47:03.238] [Render thread/INFO] [Easy NPC: Config UI/]: Registering client network handler ...
[03Sep2026 10:47:03.240] [Render thread/INFO] [Easy NPC: Config UI/]: Registering server network handler ...
[03Sep2026 10:47:03.325] [Render thread/INFO] [Moonlight/]: Initialized color sets in 49ms
[03Sep2026 10:47:03.327] [Render thread/INFO] [terrablender/]: Registered region minecraft:overworld to index 0 for type OVERWORLD
[03Sep2026 10:47:03.328] [Render thread/INFO] [terrablender/]: Registered region minecraft:nether to index 0 for type NETHER
[03Sep2026 10:47:03.328] [Render thread/INFO] [terrablender/]: Registered region regions_unexplored:primary to index 1 for type OVERWORLD
[03Sep2026 10:47:03.328] [Render thread/INFO] [terrablender/]: Registered region regions_unexplored:secondary to index 2 for type OVERWORLD
[03Sep2026 10:47:03.328] [Render thread/INFO] [terrablender/]: Registered region regions_unexplored:nether to index 1 for type NETHER
[03Sep2026 10:47:03.396] [Render thread/INFO] [Supplementaries/]: Finished mod setup in: [1, 2, 0, 0, 0, 0, 25, 0] ms
[03Sep2026 10:47:03.412] [Worker-ResourceReload-3/INFO] [Easy NPC: Core/]: 🗣 Register Easy NPC: Core Client Screens ...
[03Sep2026 10:47:03.414] [Worker-ResourceReload-6/INFO] [xaero.map.WorldMap/]: Loading Xaero's World Map - Stage 1/2
[03Sep2026 10:47:03.454] [Worker-ResourceReload-0/INFO] [Easy NPC: Config UI/]: 🗣 Register Easy NPC: Config UI Client Screens ...
[03Sep2026 10:47:03.460] [Worker-ResourceReload-5/INFO] [xaero.lib.XaeroLib/]: Loading XaeroLib client 1/2!
[03Sep2026 10:47:03.499] [Worker-ResourceReload-7/INFO] [Sound Physics - General/]: Reloading reverb parameters
[03Sep2026 10:47:03.503] [Worker-ResourceReload-3/INFO] [voicechat/]: [voicechat] Successfully migrated config voicechat-client.toml
[03Sep2026 10:47:03.524] [Worker-ResourceReload-4/INFO] [SpectreLib/]: Registering config screens for mod veinmining with 3 config(s)
[03Sep2026 10:47:03.524] [Worker-ResourceReload-4/INFO] [SpectreLib/]: Registering config screens for mod comforts with 1 config(s)
[03Sep2026 10:47:03.545] [Worker-ResourceReload-3/INFO] [voicechat/]: [voicechat] Using Cloth Config GUI
[03Sep2026 10:47:03.559] [Worker-ResourceReload-0/INFO] [xaero.minimap.XaeroMinimap/]: Loading Xaero's Minimap - Stage 1/2
[03Sep2026 10:47:03.560] [Worker-ResourceReload-3/INFO] [voicechat/]: [voicechat] Initializing Opus
[03Sep2026 10:47:03.569] [Worker-ResourceReload-7/INFO] [Sound Physics - General/]: Using Cloth Config GUI
[03Sep2026 10:47:03.597] [Worker-ResourceReload-3/INFO] [voicechat/]: [voicechat] Successfully initialized Opus
[03Sep2026 10:47:03.597] [Worker-ResourceReload-3/INFO] [voicechat/]: [voicechat] Initializing RNNoise
[03Sep2026 10:47:03.616] [Forge Version Check/INFO] [net.minecraftforge.fml.VersionChecker/]: [bookshelf] Found status: BETA Current: 20.2.15 Target: 20.2.15
[03Sep2026 10:47:03.616] [Forge Version Check/INFO] [net.minecraftforge.fml.VersionChecker/]: [mcwdoors] Starting version check at https://raw.githubusercontent.com/sketchmacaw/macawsmods/master/doors.json
[03Sep2026 10:47:03.637] [Forge Version Check/INFO] [net.minecraftforge.fml.VersionChecker/]: [mcwdoors] Found status: AHEAD Current: 1.1.5 Target: null
[03Sep2026 10:47:03.637] [Forge Version Check/INFO] [net.minecraftforge.fml.VersionChecker/]: [corpse] Starting version check at https://update.maxhenkel.de/forge/corpse
[03Sep2026 10:47:03.638] [Worker-ResourceReload-3/INFO] [voicechat/]: [voicechat] Successfully initialized RNNoise
[03Sep2026 10:47:03.664] [Worker-ResourceReload-3/INFO] [voicechat/]: [voicechat] Initializing Speex
[03Sep2026 10:47:03.695] [Worker-ResourceReload-2/WARN] [net.minecraft.client.renderer.texture.SpriteLoader/]: Texture villagersplus:block/ore_grinder_front with size 10x8 limits mip level from 4 to 1
[03Sep2026 10:47:03.704] [Worker-ResourceReload-3/INFO] [voicechat/]: [voicechat] Successfully initialized Speex
[03Sep2026 10:47:03.705] [Worker-ResourceReload-3/INFO] [voicechat/]: [voicechat] Initializing LAME
[03Sep2026 10:47:03.728] [Thread-0/INFO] [ModernFix/]: Please use /mfrc to reload any changed mod config files
[03Sep2026 10:47:03.750] [Worker-ResourceReload-3/INFO] [voicechat/]: [voicechat] Successfully initialized LAME
[03Sep2026 10:47:04.175] [Forge Version Check/INFO] [net.minecraftforge.fml.VersionChecker/]: [corpse] Found status: AHEAD Current: 1.20.1-1.0.23 Target: null
[03Sep2026 10:47:04.175] [Forge Version Check/INFO] [net.minecraftforge.fml.VersionChecker/]: [mcwfences] Starting version check at https://raw.githubusercontent.com/sketchmacaw/macawsmods/master/fences.json
[03Sep2026 10:47:04.220] [Forge Version Check/INFO] [net.minecraftforge.fml.VersionChecker/]: [mcwfences] Found status: UP_TO_DATE Current: 1.2.1 Target: null
[03Sep2026 10:47:04.220] [Forge Version Check/INFO] [net.minecraftforge.fml.VersionChecker/]: [mr_dungeons_andtaverns] Starting version check at https://api.modrinth.com/updates/tpehi7ww/forge_updates.json
[03Sep2026 10:47:04.369] [Forge Version Check/INFO] [net.minecraftforge.fml.VersionChecker/]: [mr_dungeons_andtaverns] Found status: OUTDATED Current: 3.0.3.f Target: 3.0.3.f+mod
[03Sep2026 10:47:04.369] [Forge Version Check/INFO] [net.minecraftforge.fml.VersionChecker/]: [mcwroofs] Starting version check at https://raw.githubusercontent.com/sketchmacaw/macawsmods/master/roofs.json
[03Sep2026 10:47:04.377] [Forge Version Check/INFO] [net.minecraftforge.fml.VersionChecker/]: [mcwroofs] Found status: UP_TO_DATE Current: 2.3.2 Target: null
[03Sep2026 10:47:04.377] [Forge Version Check/INFO] [net.minecraftforge.fml.VersionChecker/]: [mcwfurnitures] Starting version check at https://raw.githubusercontent.com/sketchmacaw/macawsmods/master/furniture.json
[03Sep2026 10:47:04.387] [Forge Version Check/INFO] [net.minecraftforge.fml.VersionChecker/]: [mcwfurnitures] Found status: UP_TO_DATE Current: 3.4.1 Target: null
[03Sep2026 10:47:04.387] [Forge Version Check/INFO] [net.minecraftforge.fml.VersionChecker/]: [clumps] Starting version check at https://updates.blamejared.com/get?n=clumps&gv=1.20.1
[03Sep2026 10:47:04.496] [Forge Version Check/INFO] [net.minecraftforge.fml.VersionChecker/]: [clumps] Found status: BETA Current: 12.0.0.4 Target: 12.0.0.4
[03Sep2026 10:47:04.496] [Forge Version Check/INFO] [net.minecraftforge.fml.VersionChecker/]: [puzzlesaccessapi] Starting version check at https://raw.githubusercontent.com/Fuzss/modresources/main/update/puzzlesaccessapi.json
[03Sep2026 10:47:04.552] [Forge Version Check/INFO] [net.minecraftforge.fml.VersionChecker/]: [puzzlesaccessapi] Found status: BETA Current: 20.1.1 Target: null
[03Sep2026 10:47:04.552] [Forge Version Check/INFO] [net.minecraftforge.fml.VersionChecker/]: [forge] Starting version check at https://files.minecraftforge.net/net/minecraftforge/forge/promotions_slim.json
[03Sep2026 10:47:04.563] [Worker-ResourceReload-6/WARN] [net.minecraft.client.resources.model.ModelBakery/]: Exception loading blockstate definition: 'torchmaster:blockstates/invisible_light.json' missing model for variant: 'torchmaster:invisible_light#'
[03Sep2026 10:47:04.563] [Worker-ResourceReload-6/WARN] [net.minecraft.client.resources.model.ModelBakery/]: Exception loading blockstate definition: 'torchmaster:blockstates/invisible_light.json' in resourcepack: 'mod_resources': Neither 'variants' nor 'multipart' found
[03Sep2026 10:47:04.657] [Forge Version Check/INFO] [net.minecraftforge.fml.VersionChecker/]: [forge] Found status: UP_TO_DATE Current: 47.4.10 Target: null
[03Sep2026 10:47:04.657] [Forge Version Check/INFO] [net.minecraftforge.fml.VersionChecker/]: [cofh_core] Starting version check at https://raw.github.com/cofh/version/main/cofh_core/update.json
[03Sep2026 10:47:04.783] [Forge Version Check/INFO] [net.minecraftforge.fml.VersionChecker/]: [cofh_core] Found status: AHEAD Current: 11.0.2 Target: null
[03Sep2026 10:47:04.783] [Forge Version Check/INFO] [net.minecraftforge.fml.VersionChecker/]: [thermal] Starting version check at https://raw.github.com/cofh/version/main/thermal/update.json
[03Sep2026 10:47:04.823] [Forge Version Check/INFO] [net.minecraftforge.fml.VersionChecker/]: [thermal] Found status: AHEAD Current: 11.0.6 Target: null
[03Sep2026 10:47:04.823] [Forge Version Check/INFO] [net.minecraftforge.fml.VersionChecker/]: [thermal_innovation] Starting version check at https://raw.github.com/cofh/version/main/thermal/update_innovation.json
[03Sep2026 10:47:04.855] [Forge Version Check/INFO] [net.minecraftforge.fml.VersionChecker/]: [thermal_innovation] Found status: AHEAD Current: 11.0.1 Target: null
[03Sep2026 10:47:04.855] [Forge Version Check/INFO] [net.minecraftforge.fml.VersionChecker/]: [thermal_foundation] Starting version check at https://raw.github.com/cofh/version/main/thermal/update_foundation.json
[03Sep2026 10:47:04.891] [Forge Version Check/INFO] [net.minecraftforge.fml.VersionChecker/]: [thermal_foundation] Found status: AHEAD Current: 11.0.6 Target: null
[03Sep2026 10:47:04.891] [Forge Version Check/INFO] [net.minecraftforge.fml.VersionChecker/]: [thermal_expansion] Starting version check at https://raw.github.com/cofh/version/main/thermal/update_expansion.json
[03Sep2026 10:47:04.924] [Forge Version Check/INFO] [net.minecraftforge.fml.VersionChecker/]: [thermal_expansion] Found status: UP_TO_DATE Current: 11.0.1 Target: null
[03Sep2026 10:47:04.924] [Forge Version Check/INFO] [net.minecraftforge.fml.VersionChecker/]: [thermal_dynamics] Starting version check at https://raw.github.com/cofh/version/main/thermal/update_dynamics.json
[03Sep2026 10:47:04.953] [Forge Version Check/INFO] [net.minecraftforge.fml.VersionChecker/]: [thermal_dynamics] Found status: UP_TO_DATE Current: 11.0.1 Target: null
[03Sep2026 10:47:04.953] [Forge Version Check/INFO] [net.minecraftforge.fml.VersionChecker/]: [voicechat] Starting version check at https://update.maxhenkel.de/forge/voicechat
[03Sep2026 10:47:05.071] [Forge Version Check/INFO] [net.minecraftforge.fml.VersionChecker/]: [voicechat] Found status: UP_TO_DATE Current: 1.20.1-2.6.22 Target: null
[03Sep2026 10:47:05.071] [Forge Version Check/INFO] [net.minecraftforge.fml.VersionChecker/]: [sound_physics_remastered] Starting version check at https://update.maxhenkel.de/forge/sound_physics_remastered
[03Sep2026 10:47:05.186] [Forge Version Check/INFO] [net.minecraftforge.fml.VersionChecker/]: [sound_physics_remastered] Found status: AHEAD Current: 1.20.1-1.5.1 Target: null
[03Sep2026 10:47:05.186] [Forge Version Check/INFO] [net.minecraftforge.fml.VersionChecker/]: [supplementaries] Starting version check at https://api.modrinth.com/updates/supplementaries/forge_updates.json
[03Sep2026 10:47:05.241] [Forge Version Check/INFO] [net.minecraftforge.fml.VersionChecker/]: [supplementaries] Found status: OUTDATED Current: 1.20-3.1.43 Target: 1.20-3.1.43-forge
[03Sep2026 10:47:05.241] [Forge Version Check/INFO] [net.minecraftforge.fml.VersionChecker/]: [thermal_cultivation] Starting version check at https://raw.github.com/cofh/version/main/thermal/update_cultivation.json
[03Sep2026 10:47:05.242] [Render thread/INFO] [Easy NPC: Core/]: 🗣 Register Easy NPC: Core Client data folders ...
[03Sep2026 10:47:05.282] [Render thread/INFO] [Easy NPC: Core/]: [Texture Registration Helper] Registered texture TextureModelKey{uuid=c3ed6254-b84e-3963-a2c0-a5a81d201a62, skinModel=ALLAY, subType='ALLAY', resourceName='allay_template.png'} with image NativeImage[RGBA 32x32@5573148672S] with minecraft:easy_npc_client_texture_allay_c3ed6254-b84e-3963-a2c0-a5a81d201a62.
[03Sep2026 10:47:05.283] [Render thread/INFO] [Easy NPC: Core/]: [Texture Registration Helper] Registered texture TextureModelKey{uuid=dd9e7b53-35bf-3ccc-86d5-8494402e394b, skinModel=CAT, subType='CAT', resourceName='cat_template.png'} with image NativeImage[RGBA 64x32@5574082560S] with minecraft:easy_npc_client_texture_cat_dd9e7b53-35bf-3ccc-86d5-8494402e394b.
[03Sep2026 10:47:05.283] [Render thread/INFO] [Easy NPC: Core/]: [Texture Registration Helper] Registered texture TextureModelKey{uuid=3b5e083d-8b48-33d6-8f3c-85ab1ebb9b84, skinModel=CHICKEN, subType='CHICKEN', resourceName='chicken_template.png'} with image NativeImage[RGBA 64x32@5574090752S] with minecraft:easy_npc_client_texture_chicken_3b5e083d-8b48-33d6-8f3c-85ab1ebb9b84.
[03Sep2026 10:47:05.283] [Render thread/INFO] [Easy NPC: Core/]: [Texture Registration Helper] Registered texture TextureModelKey{uuid=eb88a682-c540-3121-acc3-e0db95510aed, skinModel=CREEPER, subType='CREEPER', resourceName='creeper_template.png'} with image NativeImage[RGBA 64x32@5574098944S] with minecraft:easy_npc_client_texture_creeper_eb88a682-c540-3121-acc3-e0db95510aed.
[03Sep2026 10:47:05.284] [Render thread/INFO] [Easy NPC: Core/]: [Texture Registration Helper] Registered texture TextureModelKey{uuid=a7e321fe-1535-3095-aa13-0a79244178f2, skinModel=FAIRY, subType='FAIRY', resourceName='fairy_template.png'} with image NativeImage[RGBA 128x128@5581357824S] with minecraft:easy_npc_client_texture_fairy_a7e321fe-1535-3095-aa13-0a79244178f2.
[03Sep2026 10:47:05.284] [Render thread/INFO] [Easy NPC: Core/]: [Texture Registration Helper] Registered texture TextureModelKey{uuid=e2e70d22-0013-30a8-bd05-3312a90011ec, skinModel=FOX, subType='FOX', resourceName='fox_template.png'} with image NativeImage[RGBA 48x32@5573197824S] with minecraft:easy_npc_client_texture_fox_e2e70d22-0013-30a8-bd05-3312a90011ec.
[03Sep2026 10:47:05.285] [Render thread/INFO] [Easy NPC: Core/]: [Texture Registration Helper] Registered texture TextureModelKey{uuid=8fe62f6d-6af6-3514-a5a9-dce4fe4373a3, skinModel=ENDER_MAN, subType='ENDER_MAN', resourceName='ender_man_template.png'} with image NativeImage[RGBA 64x32@5574107136S] with minecraft:easy_npc_client_texture_ender_man_8fe62f6d-6af6-3514-a5a9-dce4fe4373a3.
[03Sep2026 10:47:05.285] [Render thread/INFO] [Easy NPC: Core/]: [Texture Registration Helper] Registered texture TextureModelKey{uuid=8b30b738-461f-30c4-8cd2-10a94b202cdf, skinModel=HUMANOID_SLIM, subType='HUMANOID_SLIM', resourceName='humanoid_slim_template.png'} with image NativeImage[RGBA 64x64@5580161024S] with minecraft:easy_npc_client_texture_humanoid_slim_8b30b738-461f-30c4-8cd2-10a94b202cdf.
[03Sep2026 10:47:05.286] [Render thread/INFO] [Easy NPC: Core/]: [Texture Registration Helper] Registered texture TextureModelKey{uuid=0a2b92c8-d54b-36dc-9352-7e054e081f0c, skinModel=HUMANOID, subType='HUMANOID', resourceName='humanoid_template.png'} with image NativeImage[RGBA 64x64@5580177408S] with minecraft:easy_npc_client_texture_humanoid_0a2b92c8-d54b-36dc-9352-7e054e081f0c.
[03Sep2026 10:47:05.286] [Render thread/INFO] [Easy NPC: Core/]: [Texture Registration Helper] Registered texture TextureModelKey{uuid=22071a2b-ebc4-32f4-b59b-057dbd16be0a, skinModel=HUSK, subType='HUSK', resourceName='husk_template.png'} with image NativeImage[RGBA 64x64@5580193792S] with minecraft:easy_npc_client_texture_husk_22071a2b-ebc4-32f4-b59b-057dbd16be0a.
[03Sep2026 10:47:05.286] [Render thread/INFO] [Easy NPC: Core/]: [Texture Registration Helper] Registered texture TextureModelKey{uuid=617322a7-89fc-358d-8c3d-bb3e4da80ece, skinModel=ILLAGER, subType='ILLAGER', resourceName='illager_template.png'} with image NativeImage[RGBA 64x64@5580210176S] with minecraft:easy_npc_client_texture_illager_617322a7-89fc-358d-8c3d-bb3e4da80ece.
[03Sep2026 10:47:05.287] [Render thread/INFO] [Easy NPC: Core/]: [Texture Registration Helper] Registered texture TextureModelKey{uuid=ff8e17aa-51b0-35a3-a60d-7d789c27e837, skinModel=IRON_GOLEM, subType='IRON_GOLEM', resourceName='iron_golem_template.png'} with image NativeImage[RGBA 128x128@5581816896S] with minecraft:easy_npc_client_texture_iron_golem_ff8e17aa-51b0-35a3-a60d-7d789c27e837.
[03Sep2026 10:47:05.287] [Render thread/INFO] [Easy NPC: Core/]: [Texture Registration Helper] Registered texture TextureModelKey{uuid=d1a5421d-4241-3209-ae8a-d578a7bfe15f, skinModel=ORC, subType='ORC', resourceName='orc_template.png'} with image NativeImage[RGBA 128x128@5581901568S] with minecraft:easy_npc_client_texture_orc_d1a5421d-4241-3209-ae8a-d578a7bfe15f.
[03Sep2026 10:47:05.287] [Render thread/INFO] [Easy NPC: Core/]: [Texture Registration Helper] Registered texture TextureModelKey{uuid=1ad7df8e-fd8e-37ba-aeae-c7fa18c49a1d, skinModel=PIG, subType='PIG', resourceName='pig_template.png'} with image NativeImage[RGBA 64x32@5574115328S] with minecraft:easy_npc_client_texture_pig_1ad7df8e-fd8e-37ba-aeae-c7fa18c49a1d.
[03Sep2026 10:47:05.288] [Render thread/INFO] [Easy NPC: Core/]: [Texture Registration Helper] Registered texture TextureModelKey{uuid=53afd629-8964-35a8-bb66-7d64359d6eee, skinModel=PIGLIN, subType='PIGLIN', resourceName='piglin_template.png'} with image NativeImage[RGBA 64x64@5580226560S] with minecraft:easy_npc_client_texture_piglin_53afd629-8964-35a8-bb66-7d64359d6eee.
[03Sep2026 10:47:05.288] [Render thread/INFO] [Easy NPC: Core/]: [Texture Registration Helper] Registered texture TextureModelKey{uuid=99b88725-4c39-3e23-8b8c-ed8cd073aeb7, skinModel=SKELETON, subType='SKELETON', resourceName='skeleton_template.png'} with image NativeImage[RGBA 64x32@5574123520S] with minecraft:easy_npc_client_texture_skeleton_99b88725-4c39-3e23-8b8c-ed8cd073aeb7.
[03Sep2026 10:47:05.289] [Render thread/INFO] [Easy NPC: Core/]: [Texture Registration Helper] Registered texture TextureModelKey{uuid=eea66b65-2292-3db1-a42c-c26e446c84f2, skinModel=SPIDER, subType='SPIDER', resourceName='spider_template.png'} with image NativeImage[RGBA 64x32@5574131712S] with minecraft:easy_npc_client_texture_spider_eea66b65-2292-3db1-a42c-c26e446c84f2.
[03Sep2026 10:47:05.289] [Render thread/INFO] [Easy NPC: Core/]: [Texture Registration Helper] Registered texture TextureModelKey{uuid=b1cf096a-0299-315f-a41c-84d807315650, skinModel=VEX, subType='VEX', resourceName='vex_template.png'} with image NativeImage[RGBA 32x32@5573152768S] with minecraft:easy_npc_client_texture_vex_b1cf096a-0299-315f-a41c-84d807315650.
[03Sep2026 10:47:05.289] [Render thread/INFO] [Easy NPC: Core/]: [Texture Registration Helper] Registered texture TextureModelKey{uuid=44c87ffb-a92c-336b-b3b4-bee539e9d303, skinModel=VILLAGER, subType='VILLAGER', resourceName='villager_without_hat_template.png'} with image NativeImage[RGBA 64x64@5580242944S] with minecraft:easy_npc_client_texture_villager_44c87ffb-a92c-336b-b3b4-bee539e9d303.
[03Sep2026 10:47:05.289] [Render thread/INFO] [Easy NPC: Core/]: [Texture Registration Helper] Registered texture TextureModelKey{uuid=0e515082-1396-3a68-8959-79846eeb0d96, skinModel=VILLAGER, subType='VILLAGER', resourceName='villager_template.png'} with image NativeImage[RGBA 64x64@5580259328S] with minecraft:easy_npc_client_texture_villager_0e515082-1396-3a68-8959-79846eeb0d96.
[03Sep2026 10:47:05.290] [Render thread/INFO] [Easy NPC: Core/]: [Texture Registration Helper] Registered texture TextureModelKey{uuid=7d6915e2-c89f-3116-b884-46932a3e8b6f, skinModel=WITCH, subType='WITCH', resourceName='witch_template.png'} with image NativeImage[RGBA 64x128@5458395136S] with minecraft:easy_npc_client_texture_witch_7d6915e2-c89f-3116-b884-46932a3e8b6f.
[03Sep2026 10:47:05.290] [Render thread/INFO] [Easy NPC: Core/]: [Texture Registration Helper] Registered texture TextureModelKey{uuid=fc13cd6c-6249-3591-9161-346b87daeefb, skinModel=WOLF, subType='WOLF', resourceName='wolf_template.png'} with image NativeImage[RGBA 64x32@5574139904S] with minecraft:easy_npc_client_texture_wolf_fc13cd6c-6249-3591-9161-346b87daeefb.
[03Sep2026 10:47:05.290] [Render thread/INFO] [Easy NPC: Core/]: [Texture Registration Helper] Registered texture TextureModelKey{uuid=70d6fde8-652d-36e1-a005-45e67a679eda, skinModel=ZOMBIE_VILLAGER, subType='ZOMBIE_VILLAGER', resourceName='zombie_villager_template.png'} with image NativeImage[RGBA 64x64@5580275712S] with minecraft:easy_npc_client_texture_zombie_villager_70d6fde8-652d-36e1-a005-45e67a679eda.
[03Sep2026 10:47:05.291] [Render thread/INFO] [Easy NPC: Core/]: [Texture Registration Helper] Registered texture TextureModelKey{uuid=f14e7212-e76d-376d-ba9e-7776d0d70850, skinModel=ZOMBIE, subType='ZOMBIE', resourceName='zombie_template.png'} with image NativeImage[RGBA 64x64@5580292096S] with minecraft:easy_npc_client_texture_zombie_f14e7212-e76d-376d-ba9e-7776d0d70850.
[03Sep2026 10:47:05.291] [Render thread/INFO] [Easy NPC: Core/]: [Texture Registration Helper] Registered texture TextureModelKey{uuid=ef5a0851-8da6-37b9-88ac-47e2c21c3442, skinModel=STRAY, subType='STRAY', resourceName='stray_template.png'} with image NativeImage[RGBA 64x64@5580308480S] with minecraft:easy_npc_client_texture_stray_ef5a0851-8da6-37b9-88ac-47e2c21c3442.
[03Sep2026 10:47:05.297] [Forge Version Check/INFO] [net.minecraftforge.fml.VersionChecker/]: [thermal_cultivation] Found status: UP_TO_DATE Current: 11.0.1 Target: null
[03Sep2026 10:47:05.297] [Forge Version Check/INFO] [net.minecraftforge.fml.VersionChecker/]: [canary] Starting version check at https://github.com/AbdElAziz333/Canary/raw/mc1.19.2/dev/updates.json
[03Sep2026 10:47:05.299] [Render thread/INFO] [Easy NPC: Core/]: 🗣 Register Easy NPC: Core Registering Entity Type Manager ...
[03Sep2026 10:47:05.299] [Render thread/INFO] [Easy NPC: Core/]: [Entity Type Manager] Config loaded with 741 supported and 261 unsupported entity types.
[03Sep2026 10:47:05.300] [Render thread/INFO] [Easy NPC: Core/]: [Entity Type Manager] Found 70 supported, 5 unsupported, 59 unknown and 218 auto-filtered entity types.
[03Sep2026 10:47:05.361] [Render thread/INFO] [xaero.map.WorldMap/]: Loading Xaero's World Map - Stage 2/2
[03Sep2026 10:47:05.363] [Render thread/INFO] [xaero.map.WorldMap/]: New world map region cache hash code: -413293874
[03Sep2026 10:47:05.478] [Forge Version Check/WARN] [net.minecraftforge.fml.VersionChecker/]: Failed to process update information
com.google.gson.JsonSyntaxException: java.lang.IllegalStateException: Expected BEGIN_OBJECT but was STRING at line 9 column 1 path $
	at com.google.gson.Gson.fromJson(Gson.java:1226) ~[gson-2.10.jar%23102!/:?]
	at com.google.gson.Gson.fromJson(Gson.java:1124) ~[gson-2.10.jar%23102!/:?]
	at com.google.gson.Gson.fromJson(Gson.java:1034) ~[gson-2.10.jar%23102!/:?]
	at com.google.gson.Gson.fromJson(Gson.java:969) ~[gson-2.10.jar%23102!/:?]
	at net.minecraftforge.fml.VersionChecker$1.process(VersionChecker.java:186) ~[fmlcore-1.20.1-47.4.10.jar%23402!/:?]
	at java.lang.Iterable.forEach(Iterable.java:75) ~[?:?]
	at net.minecraftforge.fml.VersionChecker$1.run(VersionChecker.java:117) ~[fmlcore-1.20.1-47.4.10.jar%23402!/:?]
Caused by: java.lang.IllegalStateException: Expected BEGIN_OBJECT but was STRING at line 9 column 1 path $
	at com.google.gson.stream.JsonReader.beginObject(JsonReader.java:393) ~[gson-2.10.jar%23102!/:?]
	at com.google.gson.internal.bind.MapTypeAdapterFactory$Adapter.read(MapTypeAdapterFactory.java:182) ~[gson-2.10.jar%23102!/:?]
	at com.google.gson.internal.bind.MapTypeAdapterFactory$Adapter.read(MapTypeAdapterFactory.java:144) ~[gson-2.10.jar%23102!/:?]
	at com.google.gson.Gson.fromJson(Gson.java:1214) ~[gson-2.10.jar%23102!/:?]
	... 6 more
[03Sep2026 10:47:05.478] [Forge Version Check/INFO] [net.minecraftforge.fml.VersionChecker/]: [puzzleslib] Starting version check at https://raw.githubusercontent.com/Fuzss/modresources/main/update/puzzleslib.json
[03Sep2026 10:47:05.502] [Forge Version Check/INFO] [net.minecraftforge.fml.VersionChecker/]: [puzzleslib] Found status: UP_TO_DATE Current: 8.1.33 Target: null
[03Sep2026 10:47:06.295] [Render thread/INFO] [xaero.map.WorldMap/]: Registered player tracker system: map_synced
[03Sep2026 10:47:06.298] [Render thread/INFO] [xaero.map.WorldMap/]: Xaero's WorldMap Mod: Xaero's minimap found!
[03Sep2026 10:47:06.300] [Render thread/INFO] [xaero.map.WorldMap/]: Registered player tracker system: minimap_synced
[03Sep2026 10:47:06.300] [Render thread/INFO] [xaero.map.WorldMap/]: No Optifine!
[03Sep2026 10:47:06.300] [Render thread/INFO] [xaero.map.WorldMap/]: Xaero's World Map: No Vivecraft!
[03Sep2026 10:47:06.452] [Render thread/INFO] [xaero.minimap.XaeroMinimap/]: Loading Xaero's Minimap - Stage 2/2
[03Sep2026 10:47:07.503] [Render thread/INFO] [xaero.hud.minimap.MinimapLogs/]: Registered player tracker system: minimap_synced
[03Sep2026 10:47:07.504] [Render thread/WARN] [net.minecraftforge.fml.DeferredWorkQueue/LOADING]: Mod 'xaerominimap' took 1.051 s to run a deferred task.
[03Sep2026 10:47:07.504] [Render thread/INFO] [xaero.lib.XaeroLib/]: Loading XaeroLib common 2/2!
[03Sep2026 10:47:07.504] [Render thread/INFO] [xaero.lib.XaeroLib/]: Loading XaeroLib client 2/2!
[03Sep2026 10:47:13.579] [Worker-ResourceReload-6/WARN] [net.minecraft.client.resources.model.ModelManager/]: Missing textures in model supplementaries:rope_tomatoes#age=2,east=false,knot=true,north=false,ropelogged=false,south=true,west=false:
    minecraft:textures/atlas/blocks.png:farmersdelight:block/tomatoes_vine_stage0
    minecraft:textures/atlas/blocks.png:farmersdelight:block/tomatoes_vine_stage1
    minecraft:textures/atlas/blocks.png:farmersdelight:block/tomatoes_vine_stage2
    minecraft:textures/atlas/blocks.png:farmersdelight:block/tomatoes_vine_stage3
[03Sep2026 10:47:13.580] [Worker-ResourceReload-6/WARN] [net.minecraft.client.resources.model.ModelManager/]: Missing textures in model supplementaries:confetti_popper#inventory:
    minecraft:textures/atlas/blocks.png:supplementaries:party_hat/party_hat
[03Sep2026 10:47:13.580] [Worker-ResourceReload-6/WARN] [net.minecraft.client.resources.model.ModelManager/]: Missing textures in model bountiful:decree#inventory:
    minecraft:textures/atlas/blocks.png:bountiful:item/decree
[03Sep2026 10:47:13.580] [Worker-ResourceReload-6/WARN] [net.minecraft.client.resources.model.ModelManager/]: Missing textures in model createaddition:small_light_connector#facing=west,mode=push,powered=true,rotation=x_clockwise_180,variant=default:
    minecraft:textures/atlas/blocks.png:create:block/chute_block
[03Sep2026 10:47:13.580] [Worker-ResourceReload-6/WARN] [net.minecraft.client.resources.model.ModelManager/]: Missing textures in model supplementaries:stick_tomatoes#age=1,axis_x=false,axis_z=false,ropelogged=true:
    minecraft:textures/atlas/blocks.png:farmersdelight:block/tomatoes_vine_stage0
    minecraft:textures/atlas/blocks.png:farmersdelight:block/tomatoes_vine_stage1
    minecraft:textures/atlas/blocks.png:farmersdelight:block/tomatoes_vine_stage2
    minecraft:textures/atlas/blocks.png:farmersdelight:block/tomatoes_vine_stage3
[03Sep2026 10:47:14.052] [Worker-ResourceReload-8/INFO] [STDOUT/]: [com.mrh0.createaddition.CreateAddition:postInit:136]: Create Crafts & Additions Initialized!
[03Sep2026 10:47:14.052] [Worker-ResourceReload-1/INFO] [net.xalcon.torchmaster.Torchmaster/]: Applying mega torch entity block list overrides...
[03Sep2026 10:47:14.052] [Worker-ResourceReload-1/INFO] [net.xalcon.torchmaster.Torchmaster/]: Applying dread lamp entity block list overrides...
[03Sep2026 10:47:14.066] [Worker-ResourceReload-6/INFO] [Jade/]: Start loading plugin at net.blay09.mods.cookingforblockheads.compat.ForgeJadeCookingForBlockheadsPlugin
[03Sep2026 10:47:14.074] [Worker-ResourceReload-6/INFO] [Jade/]: Start loading plugin at net.blay09.mods.balm.forge.compat.hudinfo.ForgeJadeModCompat
[03Sep2026 10:47:14.075] [Worker-ResourceReload-6/INFO] [Jade/]: Start loading plugin at de.maxhenkel.corpse.integration.waila.PluginCorpse
[03Sep2026 10:47:14.076] [Worker-ResourceReload-6/INFO] [Jade/]: Start loading plugin at snownee.jade.addon.JadeAddonsBase
[03Sep2026 10:47:14.084] [Worker-ResourceReload-6/INFO] [Jade/]: Start loading plugin at net.p3pp3rf1y.sophisticatedstorage.compat.jade.StorageJadePlugin
[03Sep2026 10:47:14.084] [Worker-ResourceReload-6/INFO] [Jade/]: Start loading plugin at net.blay09.mods.waystones.compat.JadeIntegration
[03Sep2026 10:47:14.085] [Worker-ResourceReload-6/INFO] [Jade/]: Start loading plugin at snownee.jade.addon.vanilla.VanillaPlugin
[03Sep2026 10:47:14.095] [Worker-ResourceReload-6/INFO] [Jade/]: Start loading plugin at snownee.jade.addon.universal.UniversalPlugin
[03Sep2026 10:47:14.097] [Worker-ResourceReload-6/INFO] [Jade/]: Start loading plugin at snownee.jade.addon.core.CorePlugin
[03Sep2026 10:47:14.100] [Worker-ResourceReload-6/INFO] [Jade/]: Start loading plugin at appeng.integration.modules.jade.JadeModule
[03Sep2026 10:47:14.110] [Worker-ResourceReload-4/INFO] [PonderIndex/]: Registering Ponder Scenes took 60.46 ms
[03Sep2026 10:47:14.112] [Worker-ResourceReload-6/INFO] [Jade/]: Start loading plugin at net.mehvahdjukaar.supplementaries.integration.JadeCompat
[03Sep2026 10:47:14.112] [Worker-ResourceReload-4/INFO] [PonderIndex/]: Registering Ponder Tags took 2.425 ms
[03Sep2026 10:47:14.112] [Worker-ResourceReload-6/INFO] [Jade/]: Start loading plugin at com.jaquadro.minecraft.storagedrawers.integration.Waila
[03Sep2026 10:47:14.133] [Render thread/INFO] [citadel/]: adding citadel surface rules via terrablender...
[03Sep2026 10:47:14.134] [Render thread/INFO] [citadel/]: Added 0 vanilla biome surface rule types via terrablender
[03Sep2026 10:47:14.134] [Render thread/INFO] [citadel/]: Added 0 modded biome surface rule types via terrablender
[03Sep2026 10:47:14.507] [Render thread/WARN] [net.minecraft.client.sounds.SoundEngine/]: Missing sound for event: minecraft:item.goat_horn.play
[03Sep2026 10:47:14.507] [Render thread/WARN] [net.minecraft.client.sounds.SoundEngine/]: Missing sound for event: minecraft:entity.goat.screaming.horn_break
[03Sep2026 10:47:14.651] [Render thread/INFO] [com.mojang.blaze3d.audio.Library/]: OpenAL initialized on device CoreAudio Default
[03Sep2026 10:47:14.651] [Render thread/INFO] [Sound Physics - General/]: Initializing Sound Physics
[03Sep2026 10:47:14.651] [Render thread/INFO] [Sound Physics - General/]: EFX Extension recognized
[03Sep2026 10:47:14.651] [Render thread/INFO] [Sound Physics - General/]: Max auxiliary sends: 4
[03Sep2026 10:47:14.653] [Render thread/INFO] [Sound Physics - General/]: Aux slot 1 created
[03Sep2026 10:47:14.653] [Render thread/INFO] [Sound Physics - General/]: Aux slot 2 created
[03Sep2026 10:47:14.653] [Render thread/INFO] [Sound Physics - General/]: Aux slot 3 created
[03Sep2026 10:47:14.653] [Render thread/INFO] [Sound Physics - General/]: Aux slot 4 created
[03Sep2026 10:47:14.657] [Render thread/INFO] [Sound Physics - General/]: EFX ready
[03Sep2026 10:47:14.660] [Render thread/INFO] [net.minecraft.client.sounds.SoundEngine/SOUNDS]: Sound engine started
[03Sep2026 10:47:14.805] [Render thread/INFO] [net.minecraft.client.renderer.texture.TextureAtlas/]: Created: 4096x4096x4 minecraft:textures/atlas/blocks.png-atlas
[03Sep2026 10:47:14.933] [Render thread/INFO] [net.minecraft.client.renderer.texture.TextureAtlas/]: Created: 512x512x4 minecraft:textures/atlas/signs.png-atlas
[03Sep2026 10:47:14.934] [Render thread/INFO] [net.minecraft.client.renderer.texture.TextureAtlas/]: Created: 512x512x4 minecraft:textures/atlas/banner_patterns.png-atlas
[03Sep2026 10:47:14.936] [Render thread/INFO] [net.minecraft.client.renderer.texture.TextureAtlas/]: Created: 512x512x4 minecraft:textures/atlas/shield_patterns.png-atlas
[03Sep2026 10:47:14.937] [Render thread/INFO] [net.minecraft.client.renderer.texture.TextureAtlas/]: Created: 2048x1024x4 minecraft:textures/atlas/armor_trims.png-atlas
[03Sep2026 10:47:14.945] [Render thread/INFO] [net.minecraft.client.renderer.texture.TextureAtlas/]: Created: 1024x512x4 minecraft:textures/atlas/chest.png-atlas
[03Sep2026 10:47:14.946] [Render thread/INFO] [net.minecraft.client.renderer.texture.TextureAtlas/]: Created: 128x64x4 minecraft:textures/atlas/decorated_pot.png-atlas
[03Sep2026 10:47:14.946] [Render thread/INFO] [net.minecraft.client.renderer.texture.TextureAtlas/]: Created: 512x256x4 minecraft:textures/atlas/beds.png-atlas
[03Sep2026 10:47:14.947] [Render thread/INFO] [net.minecraft.client.renderer.texture.TextureAtlas/]: Created: 512x256x4 minecraft:textures/atlas/shulker_boxes.png-atlas
[03Sep2026 10:47:15.125] [Render thread/WARN] [net.minecraft.client.renderer.ShaderInstance/]: Shader rendertype_entity_translucent_emissive could not find sampler named Sampler2 in the specified shader program.
[03Sep2026 10:47:15.189] [Render thread/WARN] [net.minecraft.client.renderer.ShaderInstance/]: Shader cofh_core:particle_over could not find sampler named Sampler2 in the specified shader program.
[03Sep2026 10:47:15.194] [Render thread/WARN] [net.minecraft.client.renderer.ShaderInstance/]: Shader cofh_core:particle_add could not find sampler named Sampler2 in the specified shader program.
[03Sep2026 10:47:15.195] [Render thread/WARN] [net.minecraft.client.renderer.ShaderInstance/]: Shader cofh_core:particle_screen could not find sampler named Sampler2 in the specified shader program.
[03Sep2026 10:47:15.206] [Render thread/WARN] [com.mojang.blaze3d.shaders.ProgramManager/]: Error encountered when linking program containing VS supplementaries:spherify and FS supplementaries:spherify. Log output:
[03Sep2026 10:47:15.207] [Render thread/WARN] [com.mojang.blaze3d.shaders.ProgramManager/]: WARNING: Could not find vertex shader attribute 'Padding' to match BindAttributeLocation request.
WARNING: Output of vertex shader 'normal' not read by fragment shader
WARNING: Output of vertex shader 'vertexColor' not read by fragment shader
WARNING: Output of vertex shader 'overlayColor' not read by fragment shader
ERROR: Input of fragment shader 'frag_IViewRotMat' not written by vertex shader

[03Sep2026 10:47:15.207] [Render thread/WARN] [net.minecraft.client.renderer.ShaderInstance/]: Shader supplementaries:spherify could not find sampler named Sampler0 in the specified shader program.
[03Sep2026 10:47:15.207] [Render thread/WARN] [net.minecraft.client.renderer.ShaderInstance/]: Shader supplementaries:spherify could not find sampler named Sampler1 in the specified shader program.
[03Sep2026 10:47:15.207] [Render thread/WARN] [net.minecraft.client.renderer.ShaderInstance/]: Shader supplementaries:spherify could not find sampler named Sampler2 in the specified shader program.
[03Sep2026 10:47:15.207] [Render thread/WARN] [net.minecraft.client.renderer.ShaderInstance/]: Shader supplementaries:spherify could not find uniform named ModelViewMat in the specified shader program.
[03Sep2026 10:47:15.207] [Render thread/WARN] [net.minecraft.client.renderer.ShaderInstance/]: Shader supplementaries:spherify could not find uniform named ProjMat in the specified shader program.
[03Sep2026 10:47:15.207] [Render thread/WARN] [net.minecraft.client.renderer.ShaderInstance/]: Shader supplementaries:spherify could not find uniform named IViewRotMat in the specified shader program.
[03Sep2026 10:47:15.207] [Render thread/WARN] [net.minecraft.client.renderer.ShaderInstance/]: Shader supplementaries:spherify could not find uniform named ColorModulator in the specified shader program.
[03Sep2026 10:47:15.207] [Render thread/WARN] [net.minecraft.client.renderer.ShaderInstance/]: Shader supplementaries:spherify could not find uniform named Light0_Direction in the specified shader program.
[03Sep2026 10:47:15.207] [Render thread/WARN] [net.minecraft.client.renderer.ShaderInstance/]: Shader supplementaries:spherify could not find uniform named Light1_Direction in the specified shader program.
[03Sep2026 10:47:15.207] [Render thread/WARN] [net.minecraft.client.renderer.ShaderInstance/]: Shader supplementaries:spherify could not find uniform named FogStart in the specified shader program.
[03Sep2026 10:47:15.207] [Render thread/WARN] [net.minecraft.client.renderer.ShaderInstance/]: Shader supplementaries:spherify could not find uniform named FogEnd in the specified shader program.
[03Sep2026 10:47:15.207] [Render thread/WARN] [net.minecraft.client.renderer.ShaderInstance/]: Shader supplementaries:spherify could not find uniform named FogColor in the specified shader program.
[03Sep2026 10:47:15.207] [Render thread/WARN] [net.minecraft.client.renderer.ShaderInstance/]: Shader supplementaries:spherify could not find uniform named FogShape in the specified shader program.
[03Sep2026 10:47:15.207] [Render thread/WARN] [net.minecraft.client.renderer.ShaderInstance/]: Shader supplementaries:spherify could not find uniform named NoiseSpeed in the specified shader program.
[03Sep2026 10:47:15.207] [Render thread/WARN] [net.minecraft.client.renderer.ShaderInstance/]: Shader supplementaries:spherify could not find uniform named NoiseScale in the specified shader program.
[03Sep2026 10:47:15.207] [Render thread/WARN] [net.minecraft.client.renderer.ShaderInstance/]: Shader supplementaries:spherify could not find uniform named Intensity in the specified shader program.
[03Sep2026 10:47:15.207] [Render thread/WARN] [net.minecraft.client.renderer.ShaderInstance/]: Shader supplementaries:spherify could not find uniform named CameraPos in the specified shader program.
[03Sep2026 10:47:15.232] [Render thread/INFO] [net.minecraft.client.renderer.texture.TextureAtlas/]: Created: 2048x1024x0 minecraft:textures/atlas/particles.png-atlas
[03Sep2026 10:47:15.236] [Render thread/INFO] [net.minecraft.client.renderer.texture.TextureAtlas/]: Created: 512x512x0 minecraft:textures/atlas/paintings.png-atlas
[03Sep2026 10:47:15.236] [Render thread/INFO] [net.minecraft.client.renderer.texture.TextureAtlas/]: Created: 256x256x0 minecraft:textures/atlas/mob_effects.png-atlas
[03Sep2026 10:47:15.744] [Render thread/INFO] [patchouli/]: BookContentResourceListenerLoader preloaded 1013 jsons
[03Sep2026 10:47:16.594] [Render thread/INFO] [ModernFix/]: Deduplicated ResourcefulLib highlights (10826 points, 19113 lines)
[03Sep2026 10:47:16.595] [Render thread/INFO] [net.minecraft.client.renderer.texture.TextureAtlas/]: Created: 256x256x0 jei:textures/atlas/gui.png-atlas
[03Sep2026 10:47:16.608] [Render thread/INFO] [xaero.lib.XaeroLib/]: Successfully reloaded the XaeroLib shaders!
[03Sep2026 10:47:16.608] [Render thread/INFO] [guideme.internal.GuideReloadListener/]: Data driven guides: []
[03Sep2026 10:47:16.611] [Render thread/INFO] [net.minecraft.client.renderer.texture.TextureAtlas/]: Created: 128x64x0 guideme:textures/atlas/gui.png-atlas
[03Sep2026 10:47:16.618] [Render thread/INFO] [net.minecraft.client.renderer.texture.TextureAtlas/]: Created: 256x256x0 moonlight:textures/atlas/map_markers.png-atlas
[03Sep2026 10:47:16.641] [Render thread/INFO] [flywheel/backend/shaders/]: Loaded 77 shader sources in 17.759 ms
[03Sep2026 10:47:16.657] [Render thread/INFO] [com.simibubi.create.Create/]: Loaded 57 train hat configurations.
[03Sep2026 10:47:16.667] [Render thread/WARN] [flywheel/]: Flywheel backend fell back from 'flywheel:indirect' to 'flywheel:instancing'
[03Sep2026 10:47:16.870] [Render thread/INFO] [ambientsounds/]: Loaded AmbientEngine 'basic' v3.2.5. 11 dimension(s), 11 features, 11 blockgroups, 2 sound collections, 38 regions, 60 sounds, 12 sound categories, 7 solids and 2 biome types
[03Sep2026 10:47:18.683] [Render thread/WARN] [ModernFix/]: Game took 37.178 seconds to start
[03Sep2026 10:47:42.706] [Realms Notification Availability checker #1/INFO] [com.mojang.realmsclient.client.RealmsClient/]: Could not authorize you against Realms server: java.lang.RuntimeException: Failed to parse into SignedJWT: 0
[03Sep2026 10:48:08.170] [CullThread/INFO] [STDOUT/]: [dev.tr7zw.entityculling.CullTask:run:89]: Shutting down culling task!
[03Sep2026 10:48:08.198] [Render thread/INFO] [net.minecraft.client.Minecraft/]: Stopping!
[03Sep2026 10:48:08.218] [Render thread/INFO] [fr.rakambda.fallingtree.common.network.PacketUtils/]: Disconnected from server, resetting proxy config values
